,Condition_1,Condition_1_prime_1,Condition_1_prime_2,Condition_1_prime_3,Condition_1_prime_4,Condition_1_prime_5,Condition_1_prime_6,Condition_1_prime_7,Condition_1_prime_8,Condition_1_prime_9,Condition_1_prime_10,Condition_2,Condition_2_prime_1,Condition_2_prime_2,Condition_2_prime_3,Condition_2_prime_4,Condition_2_prime_5,Condition_2_prime_6,Condition_2_prime_7,Condition_2_prime_8,Condition_2_prime_9,Condition_2_prime_10,Condition_3,Condition_3_prime_1,Condition_3_prime_2,Condition_3_prime_3,Condition_3_prime_4,Condition_3_prime_5,Condition_3_prime_6,Condition_3_prime_7,Condition_3_prime_8,Condition_3_prime_9,Condition_3_prime_10,Condition_4,Condition_4_prime_1,Condition_4_prime_2,Condition_4_prime_3,Condition_4_prime_4,Condition_4_prime_5,Condition_4_prime_6,Condition_4_prime_7,Condition_4_prime_8,Condition_4_prime_9,Condition_4_prime_10,Condition_5,Condition_5_prime_1,Condition_5_prime_2,Condition_5_prime_3,Condition_5_prime_4,Condition_5_prime_5,Condition_5_prime_6,Condition_5_prime_7,Condition_5_prime_8,Condition_5_prime_9,Condition_5_prime_10,Condition_6,Condition_6_prime_1,Condition_6_prime_2,Condition_6_prime_3,Condition_6_prime_4,Condition_6_prime_5,Condition_6_prime_6,Condition_6_prime_7,Condition_6_prime_8,Condition_6_prime_9,Condition_6_prime_10,Condition_7,Condition_7_prime_1,Condition_7_prime_2,Condition_7_prime_3,Condition_7_prime_4,Condition_7_prime_5,Condition_7_prime_6,Condition_7_prime_7,Condition_7_prime_8,Condition_7_prime_9,Condition_7_prime_10,Condition_8,Condition_8_prime_1,Condition_8_prime_2,Condition_8_prime_3,Condition_8_prime_4,Condition_8_prime_5,Condition_8_prime_6,Condition_8_prime_7,Condition_8_prime_8,Condition_8_prime_9,Condition_8_prime_10,Condition_9,Condition_9_prime_1,Condition_9_prime_2,Condition_9_prime_3,Condition_9_prime_4,Condition_9_prime_5,Condition_9_prime_6,Condition_9_prime_7,Condition_9_prime_8,Condition_9_prime_9,Condition_9_prime_10,Condition_10,Condition_10_prime_1,Condition_10_prime_2,Condition_10_prime_3,Condition_10_prime_4,Condition_10_prime_5,Condition_10_prime_6,Condition_10_prime_7,Condition_10_prime_8,Condition_10_prime_9,Condition_10_prime_10
Condition_1,0.9742,0.6546,0.9223,0.7944,0.8504,0.8734,0.867,0.7754,0.9134,0.9742,0.966,0.82,0.68,0.7644,0.6459,0.7194,0.7468,0.8193,0.8066,0.8191,0.8066,0.8303,0.3312,0.3312,0.3312,0.2714,0.3312,0.3312,0.3312,0.3312,0.3231,0.251,0.3271,0.4124,0.4124,0.4124,0.3526,0.4123,0.388,0.4124,0.4124,0.4124,0.388,0.4124,0.7063,0.5829,0.5529,0.5999,0.6234,0.622,0.7063,0.6921,0.5886,0.6714,0.7079,0.748,0.6102,0.6906,0.5464,0.6545,0.6696,0.7463,0.6901,0.7944,0.7661,0.7193,0.851,0.7272,0.8206,0.634,0.8033,0.7811,0.851,0.7581,0.783,0.8468,0.8428,0.7579,0.6341,0.7432,0.6141,0.7103,0.6854,0.6855,0.7105,0.7938,0.7737,0.7207,0.4884,0.3118,0.3362,0.3974,0.4884,0.3885,0.464,0.4884,0.4884,0.3798,0.4042,0.464,0.3797,0.3076,0.464,0.4116,0.464,0.464,0.464,0.4041,0.365,0.3797
Condition_1_prime_1,0.6546,0.9742,0.6494,0.5753,0.5607,0.5745,0.7225,0.5582,0.6489,0.6546,0.6465,0.5409,0.6074,0.4918,0.5535,0.4664,0.4839,0.5377,0.5999,0.5405,0.512,0.5451,0.3204,0.3204,0.3204,0.2443,0.3204,0.3204,0.3204,0.3204,0.3057,0.2198,0.3122,0.4242,0.5479,0.4242,0.3481,0.4239,0.3938,0.4242,0.4242,0.4242,0.3938,0.4242,0.4209,0.5451,0.3726,0.3315,0.3679,0.3529,0.4209,0.4052,0.4015,0.4615,0.4218,0.4591,0.5448,0.3949,0.458,0.396,0.397,0.4563,0.4831,0.517,0.4789,0.5031,0.6307,0.6784,0.5865,0.6055,0.5552,0.5312,0.6254,0.6486,0.5561,0.6225,0.5932,0.4696,0.5934,0.4532,0.3259,0.4519,0.4147,0.5849,0.4042,0.5015,0.4837,0.5045,0.4157,0.5765,0.3396,0.2931,0.4157,0.2767,0.3854,0.4157,0.4157,0.3854,0.4157,0.3937,0.3937,0.3094,0.3937,0.3245,0.3937,0.3937,0.3937,0.3176,0.3694,0.3937
Condition_1_prime_2,0.9223,0.6494,0.9742,0.7502,0.8504,0.8292,0.8625,0.8169,0.9128,0.9223,0.9142,0.7783,0.6358,0.793,0.6017,0.6825,0.7123,0.7752,0.7572,0.7769,0.7582,0.7862,0.3571,0.3571,0.3571,0.2972,0.3571,0.3571,0.3571,0.3571,0.346,0.275,0.3512,0.39,0.39,0.39,0.3302,0.3898,0.3597,0.39,0.39,0.39,0.3597,0.39,0.6621,0.5387,0.5605,0.5629,0.5864,0.5778,0.6621,0.6403,0.5444,0.6196,0.6637,0.7049,0.566,0.7017,0.5022,0.6175,0.6338,0.7021,0.7009,0.7675,0.7253,0.6675,0.8419,0.692,0.805,0.6139,0.7943,0.7618,0.8419,0.7487,0.771,0.8361,0.8268,0.7209,0.5971,0.699,0.6141,0.6733,0.6551,0.6336,0.7105,0.742,0.7367,0.6765,0.4659,0.2893,0.3137,0.4164,0.4659,0.407,0.4356,0.4659,0.4659,0.3513,0.3817,0.4417,0.3574,0.2836,0.4417,0.4409,0.4417,0.4417,0.4417,0.3818,0.3383,0.3574
Condition_1_prime_3,0.7944,0.5753,0.7502,0.9742,0.7028,0.7695,0.7862,0.6247,0.7423,0.7944,0.7939,0.7252,0.5992,0.613,0.8172,0.6357,0.6601,0.7252,0.7496,0.7251,0.6488,0.7252,0.2017,0.2017,0.2017,0.1498,0.2017,0.2017,0.2017,0.2017,0.1958,0.1227,0.1988,0.2632,0.2632,0.2632,0.2113,0.2631,0.2484,0.2632,0.2632,0.2632,0.2484,0.2632,0.6218,0.4984,0.5368,0.5237,0.5471,0.5457,0.6218,0.5925,0.4644,0.5634,0.6236,0.6572,0.5317,0.5598,0.7162,0.5747,0.587,0.6572,0.5675,0.6446,0.6736,0.6056,0.6793,0.5721,0.6549,0.7354,0.6482,0.6349,0.6793,0.6788,0.6216,0.6765,0.6765,0.6723,0.5485,0.6571,0.5284,0.6328,0.6084,0.5587,0.6107,0.6919,0.6874,0.6322,0.3392,0.2549,0.2873,0.2721,0.3392,0.2838,0.3244,0.3392,0.3392,0.2402,0.2549,0.3162,0.2918,0.2615,0.3162,0.2715,0.3162,0.3162,0.3162,0.2643,0.2238,0.2319
Condition_1_prime_4,0.8504,0.5607,0.8504,0.7028,0.9742,0.8062,0.7514,0.7129,0.7976,0.8504,0.8423,0.7758,0.6358,0.7238,0.5679,0.7926,0.7098,0.7751,0.7224,0.7749,0.7058,0.7861,0.307,0.307,0.307,0.2551,0.307,0.307,0.307,0.307,0.2988,0.2349,0.3028,0.3363,0.3363,0.3363,0.2844,0.3362,0.3119,0.3363,0.3363,0.3363,0.3119,0.3363,0.6391,0.5293,0.5057,0.5399,0.5864,0.5548,0.6391,0.6173,0.4905,0.5805,0.6407,0.6808,0.566,0.6353,0.4765,0.7412,0.6097,0.6792,0.651,0.6868,0.6989,0.6284,0.7354,0.6592,0.705,0.5401,0.8591,0.6902,0.7354,0.6506,0.6753,0.7312,0.7272,0.6979,0.5877,0.676,0.5911,0.6733,0.6321,0.5834,0.6712,0.719,0.7138,0.6535,0.4042,0.2438,0.268,0.365,0.4041,0.3561,0.3798,0.4042,0.4042,0.3037,0.328,0.3797,0.3036,0.2395,0.3797,0.3792,0.3797,0.3797,0.3797,0.3279,0.2889,0.3036
Condition_1_prime_5,0.8734,0.5745,0.8292,0.7695,0.8062,0.9742,0.778,0.6909,0.8209,0.8734,0.8734,0.8176,0.6799,0.6891,0.621,0.7177,0.7444,0.8176,0.7414,0.8171,0.7249,0.8257,0.285,0.285,0.285,0.2332,0.285,0.285,0.285,0.285,0.2792,0.2142,0.2822,0.3545,0.3545,0.3545,0.3026,0.3544,0.3353,0.3545,0.3545,0.3545,0.3353,0.3545,0.7063,0.5829,0.5214,0.5999,0.6234,0.622,0.7063,0.6772,0.541,0.6404,0.7079,0.7456,0.6102,0.636,0.5297,0.6537,0.6673,0.7456,0.652,0.7288,0.7637,0.6876,0.7665,0.6674,0.7421,0.558,0.7436,0.7303,0.7665,0.682,0.7088,0.7637,0.7637,0.7579,0.6341,0.7432,0.6141,0.7103,0.6854,0.6298,0.687,0.7789,0.7737,0.7207,0.4224,0.2621,0.2863,0.3479,0.4224,0.3397,0.4032,0.4224,0.4224,0.3271,0.3463,0.3993,0.3232,0.2603,0.3993,0.3548,0.3993,0.3993,0.3993,0.3474,0.312,0.3232
Condition_1_prime_6,0.867,0.7225,0.8625,0.7862,0.7514,0.778,0.9742,0.7415,0.8611,0.867,0.8589,0.7383,0.6039,0.7007,0.6459,0.6433,0.6732,0.7351,0.8091,0.7369,0.7177,0.7461,0.2653,0.2653,0.2653,0.1974,0.2653,0.2653,0.2653,0.2653,0.2506,0.1751,0.2594,0.359,0.359,0.359,0.291,0.3588,0.3286,0.359,0.359,0.359,0.3286,0.359,0.6217,0.4982,0.5837,0.5237,0.547,0.5456,0.6217,0.6071,0.5273,0.5872,0.6231,0.6648,0.5341,0.6094,0.5464,0.5783,0.5946,0.6621,0.6167,0.735,0.6853,0.6351,0.8145,0.669,0.7775,0.679,0.7427,0.7148,0.8145,0.8219,0.7318,0.8086,0.7913,0.6717,0.548,0.6561,0.5299,0.6323,0.608,0.5889,0.6152,0.7054,0.6866,0.6364,0.4431,0.3507,0.3751,0.3529,0.443,0.3199,0.4127,0.4431,0.4431,0.3203,0.3507,0.4224,0.33,0.3485,0.4224,0.3617,0.4224,0.4224,0.4224,0.3544,0.33,0.33
Condition_1_prime_7,0.7754,0.5582,0.8169,0.6247,0.7129,0.6909,0.7415,0.9742,0.7578,0.7754,0.7677,0.6526,0.5303,0.6549,0.4758,0.5718,0.5866,0.6502,0.6242,0.6532,0.7285,0.6538,0.38,0.38,0.38,0.312,0.38,0.38,0.38,0.38,0.3608,0.2874,0.3716,0.3914,0.3914,0.3914,0.3235,0.3906,0.3914,0.3914,0.3914,0.3914,0.3914,0.3914,0.5498,0.4263,0.4759,0.4519,0.4835,0.4655,0.5498,0.5237,0.556,0.5056,0.5506,0.5803,0.4584,0.5701,0.3837,0.5067,0.5092,0.5783,0.5681,0.6311,0.5967,0.539,0.7403,0.5701,0.7016,0.5018,0.6496,0.6333,0.7337,0.6506,0.6586,0.7332,0.7008,0.6034,0.4796,0.5786,0.5024,0.5651,0.5398,0.509,0.5989,0.6175,0.6162,0.5508,0.4749,0.2817,0.3061,0.4505,0.4747,0.423,0.486,0.4749,0.4749,0.3825,0.3825,0.4588,0.3664,0.2819,0.4588,0.4588,0.4588,0.4588,0.4588,0.3909,0.3421,0.3664
Condition_1_prime_8,0.9134,0.6489,0.9128,0.7423,0.7976,0.8209,0.8611,0.7578,0.9742,0.9134,0.9056,0.7692,0.6275,0.7327,0.5939,0.6743,0.7036,0.7665,0.7478,0.7699,0.7497,0.7775,0.2978,0.2978,0.2978,0.2978,0.2978,0.2978,0.2978,0.2978,0.2867,0.2157,0.2918,0.3905,0.3906,0.3905,0.3905,0.39,0.3602,0.3905,0.3905,0.3905,0.3602,0.3905,0.6544,0.531,0.5006,0.5999,0.5792,0.5701,0.6544,0.6921,0.5444,0.6115,0.656,0.6957,0.5577,0.6411,0.4943,0.6093,0.625,0.6935,0.6401,0.8271,0.7169,0.6585,0.8415,0.6906,0.8046,0.6147,0.7859,0.7533,0.8415,0.7479,0.8304,0.8357,0.8254,0.7136,0.5898,0.7432,0.5769,0.6659,0.6484,0.6253,0.6584,0.7938,0.7293,0.6686,0.4661,0.2895,0.3737,0.3568,0.466,0.3474,0.4358,0.4661,0.4661,0.3516,0.3819,0.4424,0.3582,0.3442,0.4424,0.3813,0.4424,0.4424,0.4424,0.4424,0.339,0.3582
Condition_1_prime_9,0.9742,0.6546,0.9223,0.7944,0.8504,0.8734,0.867,0.7754,0.9134,0.9742,0.966,0.82,0.68,0.7644,0.6459,0.7194,0.7468,0.8193,0.8066,0.8191,0.8066,0.8303,0.3312,0.3312,0.3312,0.2714,0.3312,0.3312,0.3312,0.3312,0.3231,0.251,0.3271,0.4124,0.4124,0.4124,0.3526,0.4123,0.388,0.4124,0.4124,0.4124,0.388,0.4124,0.7063,0.5829,0.5529,0.5999,0.6234,0.622,0.7063,0.6921,0.5886,0.6714,0.7079,0.748,0.6102,0.6906,0.5464,0.6545,0.6696,0.7463,0.6901,0.7944,0.7661,0.7193,0.851,0.7272,0.8206,0.634,0.8033,0.7811,0.851,0.7581,0.783,0.8468,0.8428,0.7579,0.6341,0.7432,0.6141,0.7103,0.6854,0.6855,0.7105,0.7938,0.7737,0.7207,0.4884,0.3118,0.3362,0.3974,0.4884,0.3885,0.464,0.4884,0.4884,0.3798,0.4042,0.464,0.3797,0.3076,0.464,0.4116,0.464,0.464,0.464,0.4041,0.365,0.3797
Condition_1_prime_10,0.966,0.6465,0.9142,0.7939,0.8423,0.8734,0.8589,0.7677,0.9056,0.966,0.9742,0.8176,0.6799,0.762,0.6454,0.7177,0.7444,0.8176,0.8043,0.8171,0.8043,0.8286,0.3254,0.3254,0.3254,0.2655,0.3254,0.3254,0.3254,0.3254,0.3195,0.2464,0.3225,0.4121,0.4121,0.4121,0.3523,0.412,0.3877,0.4121,0.4121,0.4121,0.3877,0.4121,0.7063,0.5829,0.5529,0.5999,0.6234,0.622,0.7063,0.6921,0.5886,0.6714,0.7079,0.7456,0.6102,0.6882,0.546,0.6537,0.6673,0.7456,0.6879,0.7921,0.7637,0.7186,0.8438,0.72,0.8135,0.6271,0.7961,0.7762,0.8438,0.7511,0.7781,0.841,0.841,0.7579,0.6341,0.7432,0.6141,0.7103,0.6854,0.6855,0.7105,0.7938,0.7737,0.7235,0.4881,0.3115,0.3359,0.3971,0.4881,0.3882,0.4638,0.4881,0.4881,0.3795,0.4039,0.4577,0.3735,0.3027,0.4577,0.4056,0.4577,0.4577,0.4577,0.3979,0.3587,0.3735
Condition_2,0.82,0.5409,0.7783,0.7252,0.7758,0.8176,0.7383,0.6526,0.7692,0.82,0.8176,0.9742,0.8226,0.8376,0.7591,0.864,0.8818,0.9683,0.8899,0.9728,0.8734,0.9492,0.256,0.2561,0.256,0.2042,0.256,0.256,0.256,0.256,0.256,0.188,0.256,0.3399,0.3399,0.3399,0.288,0.3397,0.3251,0.3399,0.3399,0.3399,0.3251,0.3399,0.683,0.573,0.497,0.5768,0.6231,0.5987,0.683,0.6534,0.5266,0.6173,0.6844,0.7261,0.6102,0.618,0.5207,0.6545,0.6478,0.7234,0.6335,0.7027,0.7457,0.6654,0.7133,0.6372,0.689,0.5176,0.7133,0.683,0.7133,0.6283,0.6615,0.7133,0.7133,0.7341,0.6239,0.7191,0.5916,0.7097,0.6619,0.6183,0.6629,0.7545,0.7497,0.6995,0.4077,0.2473,0.2716,0.3487,0.4076,0.325,0.3929,0.4077,0.4077,0.3168,0.3316,0.3712,0.2951,0.2351,0.3712,0.3262,0.3712,0.3712,0.3712,0.3193,0.2951,0.2951
Condition_2_prime_1,0.68,0.6074,0.6358,0.5992,0.6358,0.6799,0.6039,0.5303,0.6275,0.68,0.6799,0.8226,0.9742,0.6941,0.6452,0.7849,0.7702,0.8226,0.7464,0.822,0.7302,0.8078,0.2412,0.2826,0.2412,0.1893,0.2412,0.2412,0.2412,0.2412,0.2412,0.1732,0.2411,0.3143,0.4659,0.3143,0.2735,0.3142,0.3061,0.3143,0.3143,0.3143,0.3061,0.3143,0.5728,0.5824,0.3971,0.5021,0.5373,0.5129,0.5728,0.5432,0.5009,0.5832,0.5742,0.612,0.7411,0.4836,0.4277,0.5675,0.5581,0.612,0.5675,0.5602,0.612,0.612,0.5731,0.7247,0.5539,0.3957,0.5731,0.5487,0.5731,0.4967,0.5212,0.5731,0.5731,0.6239,0.6333,0.6089,0.4896,0.6239,0.5761,0.5772,0.5468,0.6279,0.6394,0.6549,0.3061,0.3402,0.1781,0.2537,0.3061,0.2334,0.2979,0.3061,0.3061,0.2979,0.3061,0.2693,0.2693,0.1413,0.2693,0.2248,0.2693,0.2693,0.2693,0.2174,0.2693,0.2693
Condition_2_prime_2,0.7644,0.4918,0.793,0.613,0.7238,0.6891,0.7007,0.6549,0.7327,0.7644,0.762,0.8376,0.6941,0.9742,0.6469,0.7428,0.7606,0.8317,0.8217,0.8373,0.8215,0.8236,0.305,0.3051,0.305,0.2452,0.305,0.305,0.305,0.305,0.305,0.2288,0.3049,0.3658,0.3658,0.3676,0.3059,0.3655,0.3414,0.3658,0.3658,0.3658,0.3414,0.3658,0.5464,0.4364,0.5362,0.4556,0.5019,0.4703,0.5464,0.5241,0.4292,0.504,0.5478,0.5895,0.4817,0.6863,0.4004,0.5332,0.5266,0.5868,0.587,0.652,0.6116,0.5521,0.6648,0.5647,0.6278,0.4544,0.6476,0.6043,0.6638,0.5702,0.6049,0.6648,0.6608,0.6047,0.4945,0.5825,0.5916,0.5885,0.5473,0.5213,0.6864,0.6251,0.6203,0.5629,0.4415,0.2649,0.2893,0.4172,0.4414,0.3826,0.4172,0.4415,0.4415,0.3329,0.3573,0.3905,0.3063,0.2383,0.3905,0.3893,0.3905,0.3905,0.3905,0.3307,0.3063,0.3063
Condition_2_prime_3,0.6459,0.5535,0.6017,0.8172,0.5679,0.621,0.6459,0.4758,0.5939,0.6459,0.6454,0.7591,0.6452,0.6469,0.9742,0.6812,0.6748,0.7591,0.7835,0.759,0.6827,0.7399,0.1762,0.1763,0.1762,0.1243,0.1762,0.1762,0.1762,0.1762,0.1762,0.1,0.1762,0.2555,0.2555,0.2555,0.2037,0.2554,0.2444,0.2555,0.2555,0.2555,0.2444,0.2555,0.4979,0.4981,0.4124,0.3999,0.4367,0.4218,0.4979,0.4683,0.3403,0.4403,0.4993,0.5372,0.4234,0.4332,0.721,0.4669,0.467,0.5371,0.4409,0.518,0.5536,0.4855,0.5309,0.4372,0.5065,0.7063,0.5133,0.4924,0.5309,0.5304,0.479,0.5309,0.5309,0.549,0.5489,0.5341,0.4064,0.5232,0.4849,0.5594,0.4858,0.5695,0.5644,0.5142,0.3315,0.2473,0.2796,0.2762,0.3315,0.2676,0.3204,0.3315,0.3315,0.2362,0.2473,0.2949,0.2704,0.243,0.2949,0.2502,0.2949,0.2949,0.2949,0.243,0.2106,0.2106
Condition_2_prime_4,0.7194,0.4664,0.6825,0.6357,0.7926,0.7177,0.6433,0.5718,0.6743,0.7194,0.7177,0.864,0.7849,0.7428,0.6812,0.9742,0.8492,0.864,0.7879,0.8631,0.7716,0.8492,0.2217,0.2218,0.2217,0.1775,0.2217,0.2217,0.2217,0.2217,0.2217,0.1618,0.2217,0.2896,0.2896,0.2896,0.2454,0.2895,0.2785,0.2896,0.2896,0.2896,0.2785,0.2896,0.6112,0.5106,0.4428,0.559,0.6053,0.5593,0.6112,0.5893,0.4714,0.5537,0.6126,0.6526,0.5629,0.5384,0.4665,0.7468,0.6282,0.6516,0.5542,0.6154,0.6596,0.5906,0.6264,0.5584,0.6072,0.4487,0.7366,0.602,0.6264,0.5498,0.5822,0.6264,0.6264,0.6919,0.591,0.663,0.5575,0.6919,0.644,0.5448,0.5872,0.6711,0.7074,0.6225,0.3495,0.2054,0.2292,0.3014,0.3495,0.2823,0.3384,0.3495,0.3495,0.2704,0.2815,0.3195,0.2515,0.1992,0.3195,0.282,0.3195,0.3195,0.3195,0.2753,0.2515,0.2515
Condition_2_prime_5,0.7468,0.4839,0.7123,0.6601,0.7098,0.7444,0.6732,0.5866,0.7036,0.7468,0.7444,0.8818,0.7702,0.7606,0.6748,0.8492,0.9742,0.8759,0.8056,0.8804,0.781,0.8759,0.2255,0.2255,0.2255,0.1813,0.2255,0.2255,0.2255,0.2255,0.2255,0.1656,0.2254,0.2961,0.2961,0.2961,0.2519,0.2959,0.2813,0.2961,0.2961,0.2961,0.2813,0.2961,0.629,0.519,0.4606,0.5768,0.6231,0.5772,0.629,0.6072,0.4808,0.5715,0.6304,0.6721,0.5807,0.5683,0.4749,0.6545,0.6478,0.6694,0.5838,0.6453,0.6806,0.6084,0.6549,0.5869,0.6357,0.4673,0.6549,0.6305,0.6548,0.5779,0.6107,0.6549,0.6548,0.7097,0.5994,0.6808,0.5754,0.7097,0.6619,0.5532,0.6051,0.689,0.7252,0.6403,0.3559,0.2118,0.2356,0.3042,0.3558,0.2864,0.3411,0.3559,0.3559,0.2732,0.2879,0.3261,0.2581,0.2058,0.3261,0.2883,0.3261,0.3261,0.3261,0.2819,0.2581,0.2581
Condition_2_prime_6,0.8193,0.5377,0.7752,0.7252,0.7751,0.8176,0.7351,0.6502,0.7665,0.8193,0.8176,0.9683,0.8226,0.8317,0.7591,0.864,0.8759,0.9742,0.8841,0.9674,0.8675,0.9492,0.2559,0.256,0.2559,0.2041,0.2559,0.2559,0.2559,0.2559,0.2559,0.1879,0.2559,0.3393,0.3393,0.3393,0.2874,0.3392,0.3246,0.3393,0.3393,0.3393,0.3246,0.3393,0.683,0.573,0.497,0.5768,0.6231,0.5987,0.683,0.6534,0.5266,0.6173,0.6844,0.7244,0.6102,0.6148,0.5207,0.6544,0.6461,0.7262,0.6306,0.6995,0.7425,0.6654,0.7115,0.6354,0.6871,0.5163,0.7115,0.6812,0.7174,0.6268,0.6596,0.7115,0.7115,0.7341,0.6239,0.7191,0.5916,0.7097,0.6619,0.6183,0.6629,0.7545,0.7497,0.6995,0.4072,0.2468,0.2711,0.3483,0.4072,0.3245,0.3924,0.4072,0.4072,0.3163,0.3311,0.3705,0.2944,0.2344,0.3705,0.3258,0.3705,0.3705,0.3705,0.3187,0.2944,0.2944
Condition_2_prime_7,0.8066,0.5999,0.7572,0.7496,0.7224,0.7414,0.8091,0.6242,0.7478,0.8066,0.8043,0.8899,0.7464,0.8217,0.7835,0.7879,0.8056,0.8841,0.9742,0.8885,0.8652,0.8759,0.1995,0.1996,0.1995,0.1397,0.1995,0.1995,0.1995,0.1995,0.1995,0.1234,0.1995,0.3006,0.3006,0.3006,0.2489,0.3004,0.2814,0.3006,0.3006,0.3006,0.2814,0.3006,0.5987,0.4887,0.5285,0.5089,0.547,0.5226,0.5987,0.5841,0.4734,0.564,0.6001,0.6419,0.5341,0.5778,0.537,0.5783,0.5717,0.6391,0.5851,0.6732,0.6614,0.6121,0.6845,0.6003,0.6542,0.5731,0.6764,0.6394,0.6845,0.6837,0.6247,0.6845,0.6845,0.6499,0.5396,0.6349,0.5074,0.6336,0.5857,0.5732,0.594,0.6852,0.6654,0.6152,0.3765,0.2922,0.3167,0.3055,0.3765,0.2766,0.3573,0.3765,0.3765,0.2731,0.2922,0.3328,0.2486,0.273,0.3328,0.2801,0.3328,0.3328,0.3328,0.273,0.2486,0.2486
Condition_2_prime_8,0.8191,0.5405,0.7769,0.7251,0.7749,0.8171,0.7369,0.6532,0.7699,0.8191,0.8171,0.9728,0.822,0.8373,0.759,0.8631,0.8804,0.9674,0.8885,0.9742,0.8731,0.9483,0.2561,0.2562,0.2561,0.2042,0.2561,0.2561,0.2561,0.2561,0.2561,0.1881,0.2561,0.3407,0.3406,0.3407,0.2888,0.3403,0.3259,0.3407,0.3407,0.3407,0.3259,0.3407,0.683,0.573,0.4969,0.5768,0.6231,0.5987,0.683,0.6534,0.5266,0.6172,0.6844,0.7248,0.6097,0.6175,0.5207,0.6536,0.6464,0.7225,0.6327,0.7024,0.7452,0.6645,0.713,0.6358,0.6886,0.5185,0.7129,0.6827,0.7129,0.6274,0.6611,0.713,0.7119,0.734,0.6238,0.7191,0.5915,0.7095,0.6618,0.6179,0.6627,0.7545,0.7495,0.6993,0.4083,0.248,0.2722,0.3494,0.4083,0.3257,0.3936,0.4083,0.4083,0.3175,0.3322,0.3722,0.2961,0.2361,0.3722,0.3268,0.3722,0.3722,0.3722,0.3204,0.2961,0.2961
Condition_2_prime_9,0.8066,0.512,0.7582,0.6488,0.7058,0.7249,0.7177,0.7285,0.7497,0.8066,0.8043,0.8734,0.7302,0.8215,0.6827,0.7716,0.781,0.8675,0.8652,0.8731,0.9742,0.8594,0.2921,0.2922,0.2921,0.2323,0.2921,0.2921,0.2921,0.2921,0.2921,0.2159,0.292,0.3939,0.3939,0.3939,0.334,0.3936,0.3747,0.3939,0.3939,0.3939,0.3747,0.3939,0.5822,0.4722,0.4277,0.476,0.5223,0.4979,0.5822,0.5675,0.5742,0.5475,0.5836,0.6253,0.5094,0.5737,0.4362,0.5536,0.547,0.6226,0.5709,0.6778,0.6474,0.5956,0.6873,0.5847,0.657,0.4828,0.6626,0.6256,0.6873,0.5936,0.6274,0.6873,0.6855,0.6333,0.5231,0.6183,0.4908,0.6089,0.5611,0.5732,0.5856,0.6686,0.6488,0.5987,0.4697,0.293,0.3174,0.3986,0.4695,0.3697,0.4505,0.4697,0.4697,0.3662,0.3854,0.4263,0.342,0.274,0.4263,0.3732,0.4263,0.4263,0.4263,0.3664,0.342,0.342
Condition_2_prime_10,0.8303,0.5451,0.7862,0.7252,0.7861,0.8257,0.7461,0.6538,0.7775,0.8303,0.8286,0.9492,0.8078,0.8236,0.7399,0.8492,0.8759,0.9492,0.8759,0.9483,0.8594,0.9742,0.2604,0.2604,0.2604,0.2085,0.2685,0.2604,0.2604,0.2604,0.2604,0.1924,0.2603,0.3467,0.3467,0.3467,0.2948,0.3466,0.3275,0.3467,0.3467,0.3467,0.3275,0.3467,0.683,0.573,0.497,0.5768,0.6231,0.5987,0.683,0.6534,0.5266,0.6173,0.6844,0.7244,0.6102,0.6148,0.5207,0.6545,0.6461,0.7234,0.6306,0.7106,0.7425,0.6654,0.7225,0.6464,0.6982,0.5273,0.7225,0.6922,0.7225,0.6378,0.6707,0.7225,0.7225,0.7341,0.6239,0.7191,0.5916,0.7097,0.6619,0.6183,0.6629,0.7545,0.7497,0.6995,0.4146,0.2542,0.2784,0.3512,0.4145,0.3289,0.3954,0.4146,0.4146,0.3193,0.3384,0.3779,0.3018,0.2418,0.3779,0.3332,0.3779,0.3779,0.3779,0.326,0.3018,0.3018
Condition_3,0.3312,0.3204,0.3571,0.2017,0.307,0.285,0.2653,0.38,0.2978,0.3312,0.3254,0.256,0.2412,0.305,0.1762,0.2217,0.2255,0.2559,0.1995,0.2561,0.2921,0.2604,0.9742,0.6976,0.9619,0.6748,0.8423,0.8234,0.8885,0.8333,0.9043,0.7849,0.761,0.6059,0.4878,0.5933,0.4103,0.5199,0.496,0.5917,0.5704,0.6045,0.5526,0.5933,0.1753,0.1755,0.1351,0.1073,0.1528,0.1672,0.1753,0.1352,0.2172,0.1913,0.1764,0.1814,0.1691,0.2191,0.0948,0.1566,0.1589,0.1813,0.2111,0.1641,0.1844,0.1995,0.2605,0.2116,0.2869,0.1379,0.222,0.2377,0.2537,0.1769,0.2108,0.2546,0.222,0.2264,0.2264,0.1921,0.2114,0.2183,0.1947,0.2878,0.2704,0.2117,0.2296,0.2522,0.4325,0.324,0.2691,0.2754,0.3627,0.4287,0.3765,0.4087,0.4325,0.4015,0.4577,0.4959,0.4364,0.3573,0.3421,0.4805,0.4278,0.4725,0.4378,0.4536,0.5235,0.4488
Condition_3_prime_1,0.3312,0.3204,0.3571,0.2017,0.307,0.285,0.2653,0.38,0.2978,0.3312,0.3254,0.2561,0.2826,0.3051,0.1763,0.2218,0.2255,0.256,0.1996,0.2562,0.2922,0.2604,0.6976,0.9742,0.6963,0.6052,0.6976,0.6976,0.6935,0.6968,0.6532,0.5554,0.6494,0.534,0.6135,0.5325,0.4783,0.5066,0.4636,0.531,0.5309,0.5326,0.4741,0.5325,0.1753,0.1755,0.1351,0.1515,0.1528,0.1672,0.1753,0.1352,0.2172,0.1913,0.1764,0.1814,0.2076,0.2191,0.0948,0.1566,0.1589,0.1813,0.2111,0.1641,0.1844,0.1995,0.2605,0.2938,0.2869,0.1379,0.222,0.2377,0.2537,0.1769,0.2108,0.2546,0.222,0.2264,0.2264,0.1921,0.2114,0.2183,0.1947,0.2878,0.2704,0.2117,0.2296,0.2522,0.4057,0.309,0.2113,0.2673,0.3627,0.3976,0.3417,0.3951,0.4057,0.3502,0.4116,0.4663,0.561,0.2502,0.3421,0.4644,0.4278,0.4429,0.4161,0.3802,0.4283,0.4107
Condition_3_prime_2,0.3312,0.3204,0.3571,0.2017,0.307,0.285,0.2653,0.38,0.2978,0.3312,0.3254,0.256,0.2412,0.305,0.1762,0.2217,0.2255,0.2559,0.1995,0.2561,0.2921,0.2604,0.9619,0.6963,0.9742,0.6718,0.8377,0.8213,0.8839,0.8318,0.892,0.773,0.7519,0.6057,0.4878,0.5935,0.4103,0.5198,0.496,0.5916,0.5704,0.6044,0.5525,0.5932,0.1753,0.1755,0.1351,0.1073,0.1528,0.1672,0.1753,0.1352,0.2172,0.1913,0.1764,0.1814,0.1691,0.2191,0.0948,0.1566,0.1589,0.1813,0.2111,0.1641,0.1844,0.1995,0.2605,0.2116,0.2869,0.1379,0.222,0.2377,0.2537,0.1769,0.2108,0.2546,0.222,0.2264,0.2264,0.1921,0.2114,0.2183,0.1947,0.2878,0.2704,0.2117,0.2296,0.2522,0.4325,0.324,0.269,0.2754,0.3626,0.4286,0.3765,0.4087,0.4325,0.4012,0.4577,0.4959,0.4364,0.3573,0.3421,0.4805,0.4278,0.4725,0.4378,0.4536,0.5235,0.4488
Condition_3_prime_3,0.2714,0.2443,0.2972,0.1498,0.2551,0.2332,0.1974,0.312,0.2978,0.2714,0.2655,0.2042,0.1893,0.2452,0.1243,0.1775,0.1813,0.2041,0.1397,0.2042,0.2323,0.2085,0.6748,0.6052,0.6718,0.9742,0.6748,0.6696,0.6636,0.6686,0.6226,0.5222,0.594,0.4665,0.3954,0.4651,0.4103,0.4179,0.3892,0.4636,0.4466,0.4652,0.3985,0.4651,0.1234,0.1236,0.0671,0.1073,0.1087,0.1153,0.1234,0.1352,0.1492,0.1315,0.1246,0.1295,0.1172,0.1593,0.0429,0.1124,0.1147,0.1295,0.1513,0.1641,0.1326,0.1396,0.1926,0.1437,0.219,0.0699,0.1621,0.1779,0.1858,0.1378,0.2108,0.1866,0.154,0.1822,0.1822,0.1921,0.1744,0.1741,0.1577,0.228,0.2185,0.2117,0.1854,0.2003,0.317,0.2136,0.2351,0.1948,0.2785,0.3348,0.261,0.3027,0.317,0.2694,0.3389,0.39,0.344,0.2952,0.266,0.3963,0.3436,0.3666,0.3318,0.4238,0.3715,0.3344
Condition_3_prime_4,0.3312,0.3204,0.3571,0.2017,0.307,0.285,0.2653,0.38,0.2978,0.3312,0.3254,0.256,0.2412,0.305,0.1762,0.2217,0.2255,0.2559,0.1995,0.2561,0.2921,0.2685,0.8423,0.6976,0.8377,0.6748,0.9742,0.8234,0.8243,0.7856,0.7816,0.6779,0.7107,0.5693,0.4878,0.5619,0.4103,0.5147,0.4908,0.5604,0.539,0.5679,0.5094,0.5619,0.1753,0.1755,0.1351,0.1073,0.1528,0.1672,0.1753,0.1352,0.2172,0.1913,0.1764,0.1814,0.1691,0.2191,0.0948,0.1566,0.1589,0.1813,0.2111,0.1641,0.1844,0.1995,0.2605,0.2116,0.2869,0.1379,0.222,0.2377,0.2537,0.1769,0.2108,0.2546,0.222,0.2264,0.2264,0.1921,0.2114,0.2183,0.1947,0.2878,0.2704,0.2117,0.2296,0.2522,0.4138,0.3104,0.2558,0.2754,0.3627,0.4235,0.3578,0.3951,0.4138,0.3743,0.4357,0.4824,0.4364,0.3338,0.3421,0.4805,0.4278,0.459,0.4242,0.44,0.5016,0.4268
Condition_3_prime_5,0.3312,0.3204,0.3571,0.2017,0.307,0.285,0.2653,0.38,0.2978,0.3312,0.3254,0.256,0.2412,0.305,0.1762,0.2217,0.2255,0.2559,0.1995,0.2561,0.2921,0.2604,0.8234,0.6976,0.8213,0.6696,0.8234,0.9742,0.8145,0.7829,0.7632,0.6591,0.7017,0.5693,0.4878,0.5619,0.4103,0.5147,0.4908,0.5604,0.539,0.5679,0.5094,0.5619,0.1753,0.1755,0.1351,0.1073,0.1528,0.1672,0.1753,0.1352,0.2172,0.1913,0.1764,0.1814,0.1691,0.2191,0.0948,0.1566,0.1631,0.1813,0.2111,0.1641,0.1844,0.1995,0.2605,0.2116,0.2869,0.1379,0.222,0.2418,0.2537,0.1769,0.2108,0.2546,0.222,0.2264,0.2264,0.1921,0.2114,0.2183,0.1947,0.2878,0.2704,0.2117,0.2296,0.2522,0.4138,0.3104,0.2535,0.2754,0.3627,0.4235,0.3578,0.3951,0.4138,0.3743,0.4357,0.4824,0.4364,0.3338,0.3421,0.4805,0.4278,0.459,0.4242,0.44,0.5016,0.4268
Condition_3_prime_6,0.3312,0.3204,0.3571,0.2017,0.307,0.285,0.2653,0.38,0.2978,0.3312,0.3254,0.256,0.2412,0.305,0.1762,0.2217,0.2255,0.2559,0.1995,0.2561,0.2921,0.2604,0.8885,0.6935,0.8839,0.6636,0.8243,0.8145,0.9742,0.822,0.8198,0.7146,0.7435,0.5966,0.4866,0.5904,0.4091,0.5106,0.4889,0.5905,0.5691,0.5965,0.5367,0.5904,0.1753,0.1755,0.1351,0.1073,0.1528,0.1672,0.1753,0.1393,0.2172,0.1913,0.1764,0.1814,0.1691,0.2191,0.0948,0.1566,0.1589,0.1813,0.2111,0.1641,0.1844,0.1995,0.2605,0.2116,0.2869,0.1379,0.222,0.2377,0.2537,0.1769,0.2108,0.2546,0.222,0.2264,0.2264,0.1921,0.2114,0.2183,0.1947,0.2878,0.2704,0.2117,0.2296,0.2522,0.4232,0.316,0.2558,0.2763,0.3586,0.4176,0.3713,0.4075,0.4232,0.3963,0.4558,0.4957,0.4364,0.3488,0.3421,0.4802,0.4278,0.4725,0.4378,0.4533,0.5235,0.4487
Condition_3_prime_7,0.3312,0.3204,0.3571,0.2017,0.307,0.285,0.2653,0.38,0.2978,0.3312,0.3254,0.256,0.2412,0.305,0.1762,0.2217,0.2255,0.2559,0.1995,0.2561,0.2921,0.2604,0.8333,0.6968,0.8318,0.6686,0.7856,0.7829,0.822,0.9742,0.773,0.6713,0.7397,0.5903,0.4878,0.5888,0.4103,0.5103,0.4804,0.5873,0.5704,0.5889,0.5304,0.5888,0.1753,0.1755,0.1351,0.1073,0.1528,0.1672,0.1753,0.1352,0.2172,0.1913,0.1764,0.1814,0.1691,0.2191,0.0948,0.1566,0.1589,0.1813,0.2111,0.1641,0.1844,0.1995,0.2605,0.2116,0.2869,0.1379,0.222,0.2377,0.2537,0.1769,0.2108,0.2546,0.222,0.2264,0.2264,0.1921,0.2114,0.2183,0.1947,0.2878,0.2704,0.2117,0.2296,0.2522,0.4229,0.3144,0.2595,0.2709,0.3627,0.4191,0.3669,0.4087,0.4229,0.3919,0.4533,0.4959,0.4364,0.3276,0.3421,0.4805,0.4279,0.4733,0.4378,0.4536,0.502,0.4488
Condition_3_prime_8,0.3231,0.3057,0.346,0.1958,0.2988,0.2792,0.2506,0.3608,0.2867,0.3231,0.3195,0.256,0.2412,0.305,0.1762,0.2217,0.2255,0.2559,0.1995,0.2561,0.2921,0.2604,0.9043,0.6532,0.892,0.6226,0.7816,0.7632,0.8198,0.773,0.9742,0.7454,0.7149,0.6059,0.4878,0.5933,0.4103,0.5199,0.496,0.5917,0.5704,0.6045,0.5586,0.5933,0.1753,0.1755,0.1351,0.1073,0.1528,0.1672,0.1753,0.1352,0.2172,0.1913,0.1764,0.1814,0.1691,0.2191,0.0948,0.1566,0.1589,0.1813,0.2111,0.1641,0.1844,0.1995,0.2458,0.2035,0.2678,0.1297,0.2109,0.2377,0.239,0.1622,0.2108,0.2398,0.2161,0.2264,0.2264,0.1921,0.2114,0.2183,0.1947,0.2878,0.2704,0.2117,0.2296,0.2522,0.4325,0.324,0.2751,0.2754,0.3627,0.4346,0.3765,0.4087,0.4325,0.4074,0.4577,0.4517,0.3995,0.2975,0.3178,0.4363,0.3909,0.4283,0.4008,0.4017,0.4637,0.4184
Condition_3_prime_9,0.251,0.2198,0.275,0.1227,0.2349,0.2142,0.1751,0.2874,0.2157,0.251,0.2464,0.188,0.1732,0.2288,0.1,0.1618,0.1656,0.1879,0.1234,0.1881,0.2159,0.1924,0.7849,0.5554,0.773,0.5222,0.6779,0.6591,0.7146,0.6713,0.7454,0.9742,0.6479,0.4713,0.3759,0.4639,0.2984,0.3947,0.3708,0.4624,0.4491,0.4699,0.4181,0.4639,0.1753,0.1755,0.1351,0.1073,0.1528,0.1672,0.1753,0.1352,0.2172,0.1913,0.1764,0.1814,0.1691,0.219,0.0948,0.1566,0.1589,0.1813,0.211,0.1639,0.1844,0.1994,0.2522,0.2074,0.2755,0.1337,0.216,0.2261,0.2477,0.1709,0.1956,0.2543,0.2219,0.1665,0.1665,0.1322,0.1516,0.1584,0.1428,0.2117,0.2024,0.1438,0.1698,0.1842,0.4082,0.2996,0.2448,0.2562,0.3627,0.4043,0.3522,0.3976,0.4082,0.3771,0.4385,0.4597,0.4079,0.3425,0.3255,0.442,0.3993,0.444,0.4167,0.4085,0.4682,0.4268
Condition_3_prime_10,0.3271,0.3122,0.3512,0.1988,0.3028,0.2822,0.2594,0.3716,0.2918,0.3271,0.3225,0.256,0.2411,0.3049,0.1762,0.2217,0.2254,0.2559,0.1995,0.2561,0.292,0.2603,0.761,0.6494,0.7519,0.594,0.7107,0.7017,0.7435,0.7397,0.7149,0.6479,0.9742,0.5714,0.4755,0.5712,0.398,0.4914,0.4638,0.5713,0.558,0.5713,0.5115,0.5713,0.1753,0.1755,0.1351,0.1073,0.1528,0.1672,0.1753,0.1352,0.2172,0.1913,0.1764,0.1814,0.1691,0.219,0.0948,0.1566,0.1589,0.1813,0.211,0.1639,0.1844,0.1994,0.2522,0.2074,0.2755,0.1337,0.216,0.2261,0.2477,0.1709,0.1955,0.2543,0.2301,0.2264,0.2264,0.1921,0.2114,0.2183,0.1947,0.2878,0.2704,0.2117,0.2296,0.2522,0.404,0.2968,0.2885,0.2543,0.3586,0.3984,0.3522,0.3963,0.404,0.3771,0.4366,0.4596,0.4079,0.2806,0.3255,0.4417,0.3993,0.444,0.4167,0.3933,0.431,0.5398
Condition_4,0.4124,0.4242,0.39,0.2632,0.3363,0.3545,0.359,0.3914,0.3905,0.4124,0.4121,0.3399,0.3143,0.3658,0.2555,0.2896,0.2961,0.3393,0.3006,0.3407,0.3939,0.3467,0.6059,0.534,0.6057,0.4665,0.5693,0.5693,0.5966,0.5903,0.6059,0.4713,0.5714,0.9742,0.7244,0.9297,0.6609,0.8496,0.8276,0.9107,0.8622,0.955,0.9043,0.9299,0.2344,0.2347,0.1661,0.1554,0.2011,0.2263,0.2344,0.2119,0.3019,0.263,0.2354,0.2552,0.2348,0.266,0.1659,0.2162,0.2011,0.2547,0.2571,0.2834,0.2666,0.2882,0.3556,0.3077,0.3756,0.2422,0.3063,0.2813,0.3545,0.2926,0.3258,0.3572,0.3375,0.2838,0.2838,0.2626,0.2319,0.2758,0.2406,0.373,0.3008,0.297,0.293,0.3006,0.7616,0.6561,0.5975,0.4732,0.6543,0.5735,0.6922,0.6656,0.7425,0.7497,0.7711,0.5997,0.5499,0.4471,0.4417,0.4841,0.5246,0.5868,0.5613,0.5302,0.5865,0.5951
Condition_4_prime_1,0.4124,0.5479,0.39,0.2632,0.3363,0.3545,0.359,0.3914,0.3906,0.4124,0.4121,0.3399,0.4659,0.3658,0.2555,0.2896,0.2961,0.3393,0.3006,0.3406,0.3939,0.3467,0.4878,0.6135,0.4878,0.3954,0.4878,0.4878,0.4866,0.4878,0.4878,0.3759,0.4755,0.7244,0.9742,0.7244,0.6839,0.7097,0.6802,0.7236,0.7243,0.7244,0.6798,0.7244,0.2344,0.3585,0.1661,0.1996,0.2011,0.2263,0.2344,0.2119,0.3019,0.263,0.2354,0.2552,0.397,0.266,0.1659,0.2162,0.2011,0.2547,0.2571,0.2834,0.2666,0.2882,0.3556,0.5136,0.3756,0.2422,0.3063,0.2813,0.3545,0.2926,0.3258,0.3571,0.3375,0.2838,0.4076,0.2626,0.2319,0.2758,0.2406,0.373,0.3008,0.297,0.293,0.3006,0.6089,0.6283,0.4034,0.419,0.5728,0.4263,0.5635,0.6086,0.607,0.5605,0.6089,0.5013,0.4899,0.3272,0.4417,0.3991,0.4719,0.4887,0.4789,0.4235,0.4884,0.4805
Condition_4_prime_2,0.4124,0.4242,0.39,0.2632,0.3363,0.3545,0.359,0.3914,0.3905,0.4124,0.4121,0.3399,0.3143,0.3676,0.2555,0.2896,0.2961,0.3393,0.3006,0.3407,0.3939,0.3467,0.5933,0.5325,0.5935,0.4651,0.5619,0.5619,0.5904,0.5888,0.5933,0.4639,0.5712,0.9297,0.7244,0.9742,0.6609,0.8257,0.8026,0.9106,0.8622,0.9296,0.8605,0.9296,0.2344,0.2347,0.1661,0.1554,0.2011,0.2263,0.2344,0.2119,0.3019,0.263,0.2354,0.2552,0.2348,0.2679,0.1659,0.2162,0.2011,0.2547,0.2571,0.2834,0.2666,0.2882,0.3556,0.3077,0.3756,0.2422,0.3063,0.2813,0.3545,0.2926,0.3258,0.3572,0.3375,0.2838,0.2838,0.2626,0.2319,0.2758,0.2406,0.373,0.3008,0.297,0.293,0.3006,0.7384,0.6465,0.5623,0.4732,0.6364,0.5364,0.6825,0.6656,0.7326,0.7156,0.7711,0.5997,0.5499,0.447,0.4417,0.4841,0.5246,0.5868,0.5613,0.5302,0.5865,0.5951
Condition_4_prime_3,0.3526,0.3481,0.3302,0.2113,0.2844,0.3026,0.291,0.3235,0.3905,0.3526,0.3523,0.288,0.2735,0.3059,0.2037,0.2454,0.2519,0.2874,0.2489,0.2888,0.334,0.2948,0.4103,0.4783,0.4103,0.4103,0.4103,0.4103,0.4091,0.4103,0.4103,0.2984,0.398,0.6609,0.6839,0.6609,0.9742,0.6462,0.6091,0.6601,0.6608,0.6609,0.6086,0.6609,0.1825,0.1829,0.0981,0.3024,0.1569,0.1744,0.1825,0.2119,0.2339,0.2032,0.1835,0.2033,0.1911,0.2061,0.114,0.172,0.1569,0.2028,0.1972,0.2834,0.2147,0.2284,0.2876,0.27,0.3076,0.1742,0.2465,0.2214,0.2865,0.2165,0.3258,0.2892,0.2695,0.2396,0.2396,0.2626,0.195,0.2316,0.2036,0.3132,0.249,0.297,0.2488,0.2487,0.5454,0.4352,0.431,0.3487,0.5093,0.3628,0.4923,0.5451,0.5426,0.488,0.5454,0.4323,0.4199,0.3531,0.3656,0.3384,0.4108,0.4194,0.4096,0.447,0.4123,0.4112
Condition_4_prime_4,0.4123,0.4239,0.3898,0.2631,0.3362,0.3544,0.3588,0.3906,0.39,0.4123,0.412,0.3397,0.3142,0.3655,0.2554,0.2895,0.2959,0.3392,0.3004,0.3403,0.3936,0.3466,0.5199,0.5066,0.5198,0.4179,0.5147,0.5147,0.5106,0.5103,0.5199,0.3947,0.4914,0.8496,0.7097,0.8257,0.6462,0.9742,0.7678,0.8068,0.7791,0.8312,0.7879,0.8259,0.2344,0.2347,0.1661,0.1554,0.2011,0.2263,0.2344,0.2119,0.3019,0.263,0.2357,0.2551,0.2347,0.2658,0.1659,0.2162,0.201,0.2546,0.2568,0.2829,0.2664,0.2881,0.3556,0.3077,0.3756,0.2422,0.3063,0.2813,0.3545,0.2926,0.3258,0.3572,0.3375,0.2838,0.2838,0.2626,0.2319,0.2758,0.2406,0.373,0.3008,0.297,0.293,0.3006,0.7481,0.6233,0.5351,0.4732,0.6542,0.5435,0.663,0.6521,0.7289,0.6733,0.7009,0.5542,0.5418,0.407,0.4417,0.4522,0.5246,0.5413,0.5315,0.4765,0.5325,0.5331
Condition_4_prime_5,0.388,0.3938,0.3597,0.2484,0.3119,0.3353,0.3286,0.3914,0.3602,0.388,0.3877,0.3251,0.3061,0.3414,0.2444,0.2785,0.2813,0.3246,0.2814,0.3259,0.3747,0.3275,0.496,0.4636,0.496,0.3892,0.4908,0.4908,0.4889,0.4804,0.496,0.3708,0.4638,0.8276,0.6802,0.8026,0.6091,0.7678,0.9742,0.7861,0.7384,0.8276,0.8269,0.8026,0.2325,0.2328,0.1602,0.1546,0.1992,0.2244,0.2325,0.206,0.2977,0.2602,0.2325,0.247,0.2307,0.2512,0.16,0.2104,0.193,0.2465,0.2423,0.2642,0.2555,0.2771,0.3186,0.2833,0.3314,0.2119,0.276,0.2443,0.3175,0.2484,0.2816,0.3202,0.3072,0.278,0.2779,0.2545,0.2319,0.2699,0.2365,0.3619,0.2897,0.2859,0.2848,0.2895,0.667,0.5568,0.4857,0.4732,0.5818,0.4843,0.6725,0.5922,0.6611,0.6864,0.6566,0.51,0.4819,0.3628,0.3975,0.408,0.4647,0.4971,0.4717,0.4323,0.4803,0.4889
Condition_4_prime_6,0.4124,0.4242,0.39,0.2632,0.3363,0.3545,0.359,0.3914,0.3905,0.4124,0.4121,0.3399,0.3143,0.3658,0.2555,0.2896,0.2961,0.3393,0.3006,0.3407,0.3939,0.3467,0.5917,0.531,0.5916,0.4636,0.5604,0.5604,0.5905,0.5873,0.5917,0.4624,0.5713,0.9107,0.7236,0.9106,0.6601,0.8068,0.7861,0.9742,0.8614,0.9107,0.842,0.9106,0.2344,0.2347,0.1661,0.1554,0.2011,0.2263,0.2344,0.2119,0.3019,0.263,0.2354,0.2552,0.2348,0.266,0.1659,0.2162,0.2011,0.2547,0.2571,0.2834,0.2666,0.2882,0.3556,0.3077,0.3756,0.2422,0.3063,0.2813,0.3545,0.2926,0.3258,0.3572,0.3375,0.2838,0.2838,0.2626,0.2319,0.2758,0.2406,0.373,0.3008,0.297,0.293,0.3006,0.7194,0.628,0.5475,0.4568,0.618,0.5174,0.6739,0.6648,0.7166,0.7025,0.7629,0.5995,0.5499,0.4463,0.4417,0.4839,0.5245,0.5867,0.5613,0.53,0.5862,0.5951
Condition_4_prime_7,0.4124,0.4242,0.39,0.2632,0.3363,0.3545,0.359,0.3914,0.3905,0.4124,0.4121,0.3399,0.3143,0.3658,0.2555,0.2896,0.2961,0.3393,0.3006,0.3407,0.3939,0.3467,0.5704,0.5309,0.5704,0.4466,0.539,0.539,0.5691,0.5704,0.5704,0.4491,0.558,0.8622,0.7243,0.8622,0.6608,0.7791,0.7384,0.8614,0.9742,0.8622,0.7937,0.8622,0.2344,0.2347,0.1661,0.1554,0.2011,0.2263,0.2344,0.2119,0.3019,0.263,0.2354,0.2552,0.2348,0.266,0.1659,0.2162,0.2011,0.2547,0.2571,0.2834,0.2666,0.2882,0.3556,0.3077,0.3756,0.2422,0.3063,0.2813,0.3545,0.2926,0.3258,0.3572,0.3375,0.2838,0.2838,0.2626,0.2319,0.2758,0.2406,0.373,0.3008,0.297,0.293,0.3006,0.6918,0.6009,0.5041,0.4425,0.6112,0.4818,0.6307,0.6656,0.689,0.6594,0.7328,0.584,0.5499,0.4181,0.4417,0.4684,0.5246,0.5711,0.5613,0.5145,0.5789,0.5795
Condition_4_prime_8,0.4124,0.4242,0.39,0.2632,0.3363,0.3545,0.359,0.3914,0.3905,0.4124,0.4121,0.3399,0.3143,0.3658,0.2555,0.2896,0.2961,0.3393,0.3006,0.3407,0.3939,0.3467,0.6045,0.5326,0.6044,0.4652,0.5679,0.5679,0.5965,0.5889,0.6045,0.4699,0.5713,0.955,0.7244,0.9296,0.6609,0.8312,0.8276,0.9107,0.8622,0.9742,0.8858,0.9299,0.2344,0.2347,0.1661,0.1554,0.2011,0.2263,0.2344,0.2119,0.3019,0.263,0.2354,0.2552,0.2348,0.266,0.1659,0.2162,0.2011,0.2547,0.2571,0.2834,0.2666,0.2882,0.3556,0.3077,0.3756,0.2422,0.3063,0.2813,0.3545,0.2926,0.3258,0.3572,0.3375,0.2838,0.2838,0.2626,0.2319,0.2758,0.2406,0.373,0.3008,0.297,0.293,0.3006,0.7437,0.6517,0.5817,0.4732,0.6365,0.5555,0.6877,0.6656,0.7378,0.735,0.7711,0.5997,0.5499,0.447,0.4417,0.4841,0.5246,0.5868,0.5613,0.5302,0.5865,0.5951
Condition_4_prime_9,0.388,0.3938,0.3597,0.2484,0.3119,0.3353,0.3286,0.3914,0.3602,0.388,0.3877,0.3251,0.3061,0.3414,0.2444,0.2785,0.2813,0.3246,0.2814,0.3259,0.3747,0.3275,0.5526,0.4741,0.5525,0.3985,0.5094,0.5094,0.5367,0.5304,0.5586,0.4181,0.5115,0.9043,0.6798,0.8605,0.6086,0.7879,0.8269,0.842,0.7937,0.8858,0.9742,0.8607,0.2325,0.2328,0.1602,0.1546,0.1992,0.2244,0.2325,0.206,0.2977,0.2602,0.2325,0.247,0.2307,0.2512,0.16,0.2104,0.193,0.2465,0.2423,0.2642,0.2555,0.2771,0.3186,0.2833,0.3314,0.2119,0.276,0.2443,0.3175,0.2484,0.2816,0.3202,0.3072,0.278,0.2779,0.2545,0.2319,0.2699,0.2365,0.3619,0.2897,0.2859,0.2848,0.2895,0.6999,0.595,0.5549,0.4725,0.6024,0.5297,0.6909,0.6053,0.6807,0.7899,0.7024,0.5316,0.4901,0.3947,0.3975,0.416,0.4647,0.5188,0.4934,0.4782,0.5265,0.5272
Condition_4_prime_10,0.4124,0.4242,0.39,0.2632,0.3363,0.3545,0.359,0.3914,0.3905,0.4124,0.4121,0.3399,0.3143,0.3658,0.2555,0.2896,0.2961,0.3393,0.3006,0.3407,0.3939,0.3467,0.5933,0.5325,0.5932,0.4651,0.5619,0.5619,0.5904,0.5888,0.5933,0.4639,0.5713,0.9299,0.7244,0.9296,0.6609,0.8259,0.8026,0.9106,0.8622,0.9299,0.8607,0.9742,0.2344,0.2347,0.1661,0.1554,0.2011,0.2263,0.2344,0.2119,0.3019,0.263,0.2354,0.2552,0.2348,0.266,0.1659,0.2162,0.2011,0.2547,0.2571,0.2834,0.2666,0.2882,0.3556,0.3077,0.3756,0.2422,0.3063,0.2813,0.3545,0.2926,0.3258,0.3572,0.3375,0.2838,0.2838,0.2626,0.2319,0.2758,0.2406,0.373,0.3008,0.297,0.293,0.3006,0.7385,0.6465,0.5626,0.4732,0.6364,0.5365,0.6826,0.6656,0.7326,0.7159,0.7711,0.5997,0.5499,0.4471,0.4417,0.4841,0.5246,0.5868,0.5613,0.5302,0.5865,0.5951
Condition_5,0.7063,0.4209,0.6621,0.6218,0.6391,0.7063,0.6217,0.5498,0.6544,0.7063,0.7063,0.683,0.5728,0.5464,0.4979,0.6112,0.629,0.683,0.5987,0.683,0.5822,0.683,0.1753,0.1753,0.1753,0.1234,0.1753,0.1753,0.1753,0.1753,0.1753,0.1753,0.1753,0.2344,0.2344,0.2344,0.1825,0.2344,0.2325,0.2344,0.2344,0.2344,0.2325,0.2344,0.9742,0.8499,0.7533,0.8273,0.8504,0.8818,0.9742,0.8879,0.7879,0.8972,0.9699,0.9137,0.784,0.7771,0.7057,0.8143,0.8309,0.9137,0.7934,0.7307,0.8834,0.8376,0.6692,0.5702,0.6611,0.4612,0.6463,0.6545,0.6692,0.585,0.6174,0.6692,0.6803,0.8794,0.7556,0.855,0.7322,0.7555,0.8141,0.7149,0.7781,0.795,0.855,0.8237,0.3704,0.21,0.2342,0.324,0.3704,0.3112,0.3685,0.3704,0.3704,0.2924,0.2942,0.3334,0.2573,0.1973,0.3334,0.2892,0.3334,0.3334,0.3334,0.2815,0.257,0.2573
Condition_5_prime_1,0.5829,0.5451,0.5387,0.4984,0.5293,0.5829,0.4982,0.4263,0.531,0.5829,0.5829,0.573,0.5824,0.4364,0.4981,0.5106,0.519,0.573,0.4887,0.573,0.4722,0.573,0.1755,0.1755,0.1755,0.1236,0.1755,0.1755,0.1755,0.1755,0.1755,0.1755,0.1755,0.2347,0.3585,0.2347,0.1829,0.2347,0.2328,0.2347,0.2347,0.2347,0.2328,0.2347,0.8499,0.9742,0.6294,0.7033,0.7397,0.7575,0.8499,0.7641,0.6641,0.7737,0.8459,0.7902,0.7978,0.6536,0.7059,0.7043,0.7074,0.7902,0.6699,0.6072,0.7599,0.7141,0.5458,0.5841,0.5377,0.4616,0.5364,0.5311,0.5458,0.4616,0.494,0.5458,0.5569,0.756,0.8798,0.7316,0.6086,0.6457,0.6907,0.7152,0.6546,0.6716,0.7316,0.7001,0.3707,0.3341,0.2346,0.3241,0.3707,0.3114,0.3688,0.3707,0.3707,0.2927,0.2946,0.3338,0.2576,0.1976,0.3338,0.2895,0.3338,0.3338,0.3338,0.2819,0.2571,0.2576
Condition_5_prime_2,0.5529,0.3726,0.5605,0.5368,0.5057,0.5214,0.5837,0.4759,0.5006,0.5529,0.5529,0.497,0.3971,0.5362,0.4124,0.4428,0.4606,0.497,0.5285,0.4969,0.4277,0.497,0.1351,0.1351,0.1351,0.0671,0.1351,0.1351,0.1351,0.1351,0.1351,0.1351,0.1351,0.1661,0.1661,0.1661,0.0981,0.1661,0.1602,0.1661,0.1661,0.1661,0.1602,0.1661,0.7533,0.6294,0.9742,0.6299,0.653,0.6771,0.7533,0.7413,0.7115,0.7456,0.7528,0.736,0.604,0.8032,0.6366,0.6469,0.6672,0.736,0.7189,0.5983,0.7117,0.704,0.5244,0.4172,0.5053,0.4087,0.4771,0.4697,0.5244,0.5326,0.4565,0.5244,0.5488,0.6985,0.5747,0.6802,0.6736,0.5906,0.6386,0.5919,0.7754,0.64,0.6875,0.6465,0.3346,0.2422,0.2666,0.3275,0.3346,0.3035,0.3287,0.3346,0.3346,0.2363,0.2422,0.2749,0.1825,0.207,0.2749,0.2749,0.2749,0.2749,0.2749,0.207,0.1813,0.1825
Condition_5_prime_3,0.5999,0.3315,0.5629,0.5237,0.5399,0.5999,0.5237,0.4519,0.5999,0.5999,0.5999,0.5768,0.5021,0.4556,0.3999,0.559,0.5768,0.5768,0.5089,0.5768,0.476,0.5768,0.1073,0.1515,0.1073,0.1073,0.1073,0.1073,0.1073,0.1073,0.1073,0.1073,0.1073,0.1554,0.1996,0.1554,0.3024,0.1554,0.1546,0.1554,0.1554,0.1554,0.1546,0.1554,0.8273,0.7033,0.6299,0.9742,0.8031,0.7754,0.8273,0.8001,0.6491,0.759,0.8244,0.7817,0.699,0.6605,0.5818,0.7588,0.7706,0.7817,0.6768,0.665,0.7574,0.7138,0.5695,0.5089,0.5637,0.3697,0.5466,0.5584,0.5695,0.4934,0.5695,0.5695,0.5777,0.7821,0.6584,0.7821,0.66,0.6993,0.7567,0.5904,0.6609,0.7223,0.7578,0.703,0.2753,0.1312,0.1992,0.2374,0.2753,0.2272,0.2745,0.2753,0.2753,0.2065,0.2073,0.2449,0.177,0.1688,0.2449,0.208,0.2449,0.2449,0.245,0.2449,0.1769,0.177
Condition_5_prime_4,0.6234,0.3679,0.5864,0.5471,0.5864,0.6234,0.547,0.4835,0.5792,0.6234,0.6234,0.6231,0.5373,0.5019,0.4367,0.6053,0.6231,0.6231,0.547,0.6231,0.5223,0.6231,0.1528,0.1528,0.1528,0.1087,0.1528,0.1528,0.1528,0.1528,0.1528,0.1528,0.1528,0.2011,0.2011,0.2011,0.1569,0.2011,0.1992,0.2011,0.2011,0.2011,0.1992,0.2011,0.8504,0.7397,0.653,0.8031,0.9742,0.7986,0.8504,0.7791,0.6817,0.7816,0.8474,0.8038,0.7359,0.6826,0.6175,0.8038,0.7927,0.8038,0.6989,0.6429,0.7794,0.7359,0.593,0.5251,0.5872,0.4067,0.593,0.5819,0.593,0.5169,0.5488,0.593,0.6012,0.8049,0.6947,0.7607,0.6743,0.745,0.7722,0.6267,0.6835,0.7009,0.7805,0.7255,0.3209,0.1768,0.2006,0.2817,0.3209,0.2727,0.319,0.3209,0.3209,0.2511,0.253,0.2906,0.2226,0.1703,0.2906,0.2536,0.2906,0.2906,0.2906,0.2464,0.2223,0.2226
Condition_5_prime_5,0.622,0.3529,0.5778,0.5457,0.5548,0.622,0.5456,0.4655,0.5701,0.622,0.622,0.5987,0.5129,0.4703,0.4218,0.5593,0.5772,0.5987,0.5226,0.5987,0.4979,0.5987,0.1672,0.1672,0.1672,0.1153,0.1672,0.1672,0.1672,0.1672,0.1672,0.1672,0.1672,0.2263,0.2263,0.2263,0.1744,0.2263,0.2244,0.2263,0.2263,0.2263,0.2244,0.2263,0.8818,0.7575,0.6771,0.7754,0.7986,0.9742,0.8818,0.7955,0.7036,0.8129,0.8775,0.8213,0.7161,0.6929,0.6214,0.7625,0.7791,0.8213,0.7092,0.6383,0.791,0.7534,0.585,0.494,0.5768,0.3851,0.562,0.5702,0.585,0.5088,0.5331,0.585,0.5961,0.7949,0.6712,0.7705,0.6559,0.7037,0.7699,0.6306,0.6938,0.7107,0.7706,0.7394,0.2942,0.1502,0.1663,0.2479,0.2942,0.2351,0.2923,0.2942,0.2942,0.2244,0.2263,0.2573,0.1893,0.1293,0.2573,0.2131,0.2573,0.2573,0.2573,0.2054,0.189,0.1893
Condition_5_prime_6,0.7063,0.4209,0.6621,0.6218,0.6391,0.7063,0.6217,0.5498,0.6544,0.7063,0.7063,0.683,0.5728,0.5464,0.4979,0.6112,0.629,0.683,0.5987,0.683,0.5822,0.683,0.1753,0.1753,0.1753,0.1234,0.1753,0.1753,0.1753,0.1753,0.1753,0.1753,0.1753,0.2344,0.2344,0.2344,0.1825,0.2344,0.2325,0.2344,0.2344,0.2344,0.2325,0.2344,0.9742,0.8499,0.7533,0.8273,0.8504,0.8818,0.9742,0.8879,0.7879,0.8972,0.9699,0.9137,0.784,0.7771,0.7057,0.8143,0.8309,0.9137,0.7934,0.7307,0.8834,0.8376,0.6692,0.5702,0.6611,0.4612,0.6463,0.6545,0.6692,0.585,0.6174,0.6692,0.6803,0.8794,0.7556,0.855,0.7322,0.7555,0.8141,0.7149,0.778,0.795,0.855,0.8237,0.3704,0.21,0.2343,0.324,0.3704,0.3112,0.3685,0.3704,0.3704,0.2924,0.2943,0.3334,0.2573,0.1973,0.3334,0.2892,0.3334,0.3334,0.3334,0.2816,0.257,0.2573
Condition_5_prime_7,0.6921,0.4052,0.6403,0.5925,0.6173,0.6772,0.6071,0.5237,0.6921,0.6921,0.6921,0.6534,0.5432,0.5241,0.4683,0.5893,0.6072,0.6534,0.5841,0.6534,0.5675,0.6534,0.1352,0.1352,0.1352,0.1352,0.1352,0.1352,0.1393,0.1352,0.1352,0.1352,0.1352,0.2119,0.2119,0.2119,0.2119,0.2119,0.206,0.2119,0.2119,0.2119,0.206,0.2119,0.8879,0.7641,0.7413,0.8001,0.7791,0.7955,0.8879,0.9742,0.7797,0.8542,0.8916,0.8644,0.7314,0.7351,0.6564,0.7735,0.7857,0.8644,0.7513,0.7785,0.8644,0.8032,0.6478,0.5487,0.633,0.4397,0.6248,0.6234,0.6478,0.5635,0.6478,0.6478,0.6669,0.8401,0.7163,0.8591,0.6933,0.7161,0.7722,0.682,0.7373,0.814,0.8453,0.7658,0.3478,0.1874,0.2636,0.2921,0.3478,0.2711,0.3419,0.3478,0.3478,0.2658,0.2717,0.3037,0.2276,0.2194,0.3037,0.2518,0.3037,0.3037,0.3037,0.3037,0.2268,0.2276
Condition_5_prime_8,0.5886,0.4015,0.5444,0.4644,0.4905,0.541,0.5273,0.556,0.5444,0.5886,0.5886,0.5266,0.5009,0.4292,0.3403,0.4714,0.4808,0.5266,0.4734,0.5266,0.5742,0.5266,0.2172,0.2172,0.2172,0.1492,0.2172,0.2172,0.2172,0.2172,0.2172,0.2172,0.2172,0.3019,0.3019,0.3019,0.2339,0.3019,0.2977,0.3019,0.3019,0.3019,0.2977,0.3019,0.7879,0.6641,0.7115,0.6491,0.6817,0.7036,0.7879,0.7797,0.9742,0.8629,0.7875,0.7562,0.7069,0.6808,0.5645,0.6692,0.672,0.7562,0.7651,0.6366,0.7259,0.802,0.5685,0.5384,0.5537,0.3523,0.5141,0.5033,0.5685,0.476,0.5005,0.5685,0.5876,0.7183,0.5945,0.6991,0.5684,0.6119,0.6502,0.7149,0.652,0.6606,0.6991,0.7419,0.378,0.2856,0.2176,0.3132,0.378,0.2933,0.3739,0.378,0.378,0.3739,0.378,0.3262,0.3262,0.1658,0.3262,0.2663,0.3262,0.3262,0.3262,0.2582,0.3254,0.3262
Condition_5_prime_9,0.6714,0.4615,0.6196,0.5634,0.5805,0.6404,0.5872,0.5056,0.6115,0.6714,0.6714,0.6173,0.5832,0.504,0.4403,0.5537,0.5715,0.6173,0.564,0.6172,0.5475,0.6173,0.1913,0.1913,0.1913,0.1315,0.1913,0.1913,0.1913,0.1913,0.1913,0.1913,0.1913,0.263,0.263,0.263,0.2032,0.263,0.2602,0.263,0.263,0.263,0.2602,0.263,0.8972,0.7737,0.7456,0.759,0.7816,0.8129,0.8972,0.8542,0.8629,0.9742,0.8962,0.8516,0.798,0.7532,0.6598,0.7604,0.7726,0.8516,0.8455,0.6998,0.8213,0.8974,0.6267,0.6038,0.6156,0.4186,0.6038,0.6076,0.6267,0.5424,0.5669,0.6267,0.6415,0.8173,0.6935,0.7929,0.6696,0.7013,0.7554,0.7744,0.7375,0.7545,0.793,0.8419,0.331,0.2467,0.1869,0.2763,0.331,0.2591,0.3281,0.331,0.331,0.3281,0.331,0.287,0.287,0.1429,0.287,0.235,0.287,0.287,0.287,0.2271,0.287,0.287
Condition_5_prime_10,0.7079,0.4218,0.6637,0.6236,0.6407,0.7079,0.6231,0.5506,0.656,0.7079,0.7079,0.6844,0.5742,0.5478,0.4993,0.6126,0.6304,0.6844,0.6001,0.6844,0.5836,0.6844,0.1764,0.1764,0.1764,0.1246,0.1764,0.1764,0.1764,0.1764,0.1764,0.1764,0.1764,0.2354,0.2354,0.2354,0.1835,0.2357,0.2325,0.2354,0.2354,0.2354,0.2325,0.2354,0.9699,0.8459,0.7528,0.8244,0.8474,0.8775,0.9699,0.8916,0.7875,0.8962,0.9742,0.9164,0.7867,0.7798,0.7084,0.817,0.8337,0.9164,0.7961,0.7334,0.8861,0.8403,0.6708,0.5718,0.6627,0.4628,0.6479,0.6561,0.6708,0.5866,0.619,0.6708,0.6819,0.8827,0.7589,0.8583,0.7344,0.7589,0.8174,0.7182,0.7816,0.7983,0.8583,0.8268,0.3713,0.2109,0.2352,0.3238,0.3713,0.3124,0.3685,0.3713,0.3713,0.2924,0.2952,0.3344,0.2582,0.1982,0.3344,0.2902,0.3344,0.3344,0.3344,0.2825,0.2578,0.2582
Condition_6,0.748,0.4591,0.7049,0.6572,0.6808,0.7456,0.6648,0.5803,0.6957,0.748,0.7456,0.7261,0.612,0.5895,0.5372,0.6526,0.6721,0.7244,0.6419,0.7248,0.6253,0.7244,0.1814,0.1814,0.1814,0.1295,0.1814,0.1814,0.1814,0.1814,0.1814,0.1814,0.1814,0.2552,0.2552,0.2552,0.2033,0.2551,0.247,0.2552,0.2552,0.2552,0.247,0.2552,0.9137,0.7902,0.736,0.7817,0.8038,0.8213,0.9137,0.8644,0.7562,0.8516,0.9164,0.9742,0.812,0.8376,0.7523,0.8504,0.8818,0.9714,0.8531,0.7912,0.9439,0.8953,0.7092,0.6101,0.69,0.4999,0.6862,0.6848,0.7092,0.6241,0.6573,0.7092,0.7092,0.9086,0.7848,0.9055,0.756,0.7846,0.8261,0.7663,0.827,0.8475,0.9057,0.8673,0.391,0.2307,0.2549,0.3387,0.391,0.3183,0.3829,0.391,0.391,0.3067,0.3149,0.3546,0.2784,0.2184,0.3546,0.3096,0.3546,0.3546,0.3546,0.3027,0.2784,0.2784
Condition_6_prime_1,0.6102,0.5448,0.566,0.5317,0.566,0.6102,0.5341,0.4584,0.5577,0.6102,0.6102,0.6102,0.7411,0.4817,0.4234,0.5629,0.5807,0.6102,0.5341,0.6097,0.5094,0.6102,0.1691,0.2076,0.1691,0.1172,0.1691,0.1691,0.1691,0.1691,0.1691,0.1691,0.1691,0.2348,0.397,0.2348,0.1911,0.2347,0.2307,0.2348,0.2348,0.2348,0.2307,0.2348,0.784,0.7978,0.604,0.699,0.7359,0.7161,0.784,0.7314,0.7069,0.798,0.7867,0.812,0.9742,0.6835,0.6251,0.7743,0.7551,0.8119,0.7675,0.6433,0.7876,0.8119,0.5719,0.7342,0.5572,0.3851,0.5719,0.5528,0.5719,0.4955,0.5201,0.5719,0.5719,0.7794,0.793,0.7502,0.6475,0.7113,0.7268,0.6997,0.6799,0.6912,0.7563,0.791,0.2946,0.3422,0.1666,0.2463,0.2946,0.2293,0.2905,0.2946,0.2946,0.2905,0.2946,0.2578,0.2578,0.1298,0.2578,0.2133,0.2578,0.2578,0.2578,0.2059,0.2578,0.2578
Condition_6_prime_2,0.6906,0.3949,0.7017,0.5598,0.6353,0.636,0.6094,0.5701,0.6411,0.6906,0.6882,0.618,0.4836,0.6863,0.4332,0.5384,0.5683,0.6148,0.5778,0.6175,0.5737,0.6148,0.2191,0.2191,0.2191,0.1593,0.2191,0.2191,0.2191,0.2191,0.2191,0.219,0.219,0.266,0.266,0.2679,0.2061,0.2658,0.2512,0.266,0.266,0.266,0.2512,0.266,0.7771,0.6536,0.8032,0.6605,0.6826,0.6929,0.7771,0.7351,0.6808,0.7532,0.7798,0.8376,0.6835,0.9742,0.6401,0.7292,0.7606,0.8348,0.8747,0.7675,0.8376,0.823,0.6494,0.5302,0.6191,0.4291,0.6092,0.5962,0.6485,0.5548,0.5896,0.6494,0.6456,0.7792,0.6554,0.7689,0.756,0.6634,0.7116,0.7004,0.8875,0.7493,0.7763,0.7573,0.418,0.2414,0.2658,0.4033,0.418,0.3729,0.4033,0.418,0.418,0.319,0.3338,0.3669,0.2827,0.2147,0.3669,0.3657,0.3669,0.3669,0.3669,0.3071,0.2827,0.2827
Condition_6_prime_3,0.5464,0.458,0.5022,0.7162,0.4765,0.5297,0.5464,0.3837,0.4943,0.5464,0.546,0.5207,0.4277,0.4004,0.721,0.4665,0.4749,0.5207,0.537,0.5207,0.4362,0.5207,0.0948,0.0948,0.0948,0.0429,0.0948,0.0948,0.0948,0.0948,0.0948,0.0948,0.0948,0.1659,0.1659,0.1659,0.114,0.1659,0.16,0.1659,0.1659,0.1659,0.16,0.1659,0.7057,0.7059,0.6366,0.5818,0.6175,0.6214,0.7057,0.6564,0.5645,0.6598,0.7084,0.7523,0.6251,0.6401,0.9742,0.6613,0.668,0.7523,0.6477,0.5937,0.7219,0.6924,0.5081,0.4145,0.489,0.7028,0.4906,0.4756,0.5081,0.5076,0.4563,0.5081,0.5081,0.7004,0.7004,0.6905,0.5478,0.5981,0.6262,0.7036,0.6281,0.6316,0.6905,0.658,0.3181,0.2338,0.2662,0.268,0.318,0.2587,0.3122,0.3181,0.3181,0.2279,0.2338,0.2814,0.257,0.2295,0.2814,0.2367,0.2814,0.2814,0.2814,0.2295,0.1972,0.1972
Condition_6_prime_4,0.6545,0.396,0.6175,0.5747,0.7412,0.6537,0.5783,0.5067,0.6093,0.6545,0.6537,0.6545,0.5675,0.5332,0.4669,0.7468,0.6545,0.6544,0.5783,0.6536,0.5536,0.6545,0.1566,0.1566,0.1566,0.1124,0.1566,0.1566,0.1566,0.1566,0.1566,0.1566,0.1566,0.2162,0.2162,0.2162,0.172,0.2162,0.2104,0.2162,0.2162,0.2162,0.2104,0.2162,0.8143,0.7043,0.6469,0.7588,0.8038,0.7625,0.8143,0.7735,0.6692,0.7604,0.817,0.8504,0.7743,0.7292,0.6613,0.9742,0.8313,0.8504,0.745,0.6895,0.8261,0.7825,0.6222,0.5542,0.6074,0.4351,0.7459,0.603,0.6222,0.5456,0.578,0.6222,0.6222,0.8446,0.7344,0.8015,0.7086,0.7846,0.7948,0.6683,0.7228,0.7437,0.8215,0.7597,0.336,0.1919,0.2157,0.2932,0.336,0.277,0.3301,0.336,0.336,0.2622,0.268,0.306,0.238,0.1857,0.306,0.2685,0.306,0.306,0.306,0.2618,0.238,0.238
Condition_6_prime_5,0.6696,0.397,0.6338,0.587,0.6097,0.6673,0.5946,0.5092,0.625,0.6696,0.6673,0.6478,0.5581,0.5266,0.467,0.6282,0.6478,0.6461,0.5717,0.6464,0.547,0.6461,0.1589,0.1589,0.1589,0.1147,0.1589,0.1631,0.1589,0.1589,0.1589,0.1589,0.1589,0.2011,0.2011,0.2011,0.1569,0.201,0.193,0.2011,0.2011,0.2011,0.193,0.2011,0.8309,0.7074,0.6672,0.7706,0.7927,0.7791,0.8309,0.7857,0.672,0.7726,0.8337,0.8818,0.7551,0.7606,0.668,0.8313,0.9742,0.879,0.7761,0.7124,0.8574,0.811,0.6375,0.5466,0.6183,0.4364,0.6145,0.7299,0.6375,0.5606,0.5933,0.6375,0.6375,0.8568,0.7331,0.8287,0.7124,0.7654,0.8114,0.682,0.75,0.7709,0.8488,0.8074,0.3208,0.1768,0.2005,0.2757,0.3208,0.2798,0.3127,0.3208,0.3208,0.2447,0.2529,0.291,0.2231,0.1707,0.291,0.2533,0.291,0.291,0.291,0.2468,0.2231,0.2231
Condition_6_prime_6,0.7463,0.4563,0.7021,0.6572,0.6792,0.7456,0.6621,0.5783,0.6935,0.7463,0.7456,0.7234,0.612,0.5868,0.5371,0.6516,0.6694,0.7262,0.6391,0.7225,0.6226,0.7234,0.1813,0.1813,0.1813,0.1295,0.1813,0.1813,0.1813,0.1813,0.1813,0.1813,0.1813,0.2547,0.2547,0.2547,0.2028,0.2546,0.2465,0.2547,0.2547,0.2547,0.2465,0.2547,0.9137,0.7902,0.736,0.7817,0.8038,0.8213,0.9137,0.8644,0.7562,0.8516,0.9164,0.9714,0.8119,0.8348,0.7523,0.8504,0.879,0.9742,0.8506,0.7884,0.9411,0.8953,0.7074,0.6083,0.6882,0.4986,0.6844,0.683,0.7102,0.6227,0.6555,0.7074,0.7074,0.9086,0.7848,0.9055,0.756,0.7846,0.8261,0.7663,0.827,0.8475,0.9057,0.8673,0.3906,0.2302,0.2545,0.3382,0.3906,0.3179,0.3824,0.3906,0.3906,0.3063,0.3145,0.3539,0.2778,0.2178,0.3539,0.3092,0.3539,0.3539,0.3539,0.3021,0.2778,0.2778
Condition_6_prime_7,0.6901,0.4831,0.7009,0.5675,0.651,0.652,0.6167,0.5681,0.6401,0.6901,0.6879,0.6335,0.5675,0.587,0.4409,0.5542,0.5838,0.6306,0.5851,0.6327,0.5709,0.6306,0.2111,0.2111,0.2111,0.1513,0.2111,0.2111,0.2111,0.2111,0.2111,0.211,0.211,0.2571,0.2571,0.2571,0.1972,0.2568,0.2423,0.2571,0.2571,0.2571,0.2423,0.2571,0.7934,0.6699,0.7189,0.6768,0.6989,0.7092,0.7934,0.7513,0.7651,0.8455,0.7961,0.8531,0.7675,0.8747,0.6477,0.745,0.7761,0.8506,0.9742,0.7635,0.8527,0.9149,0.6468,0.6219,0.6165,0.4362,0.6231,0.6099,0.6461,0.5626,0.587,0.6468,0.6448,0.7954,0.6716,0.7851,0.6798,0.6796,0.7278,0.7845,0.795,0.7653,0.7925,0.8496,0.3247,0.2405,0.1807,0.31,0.3246,0.2796,0.31,0.3247,0.3247,0.31,0.3247,0.2741,0.2741,0.13,0.2741,0.2741,0.2741,0.2741,0.2741,0.2143,0.2741,0.2741
Condition_6_prime_8,0.7944,0.517,0.7675,0.6446,0.6868,0.7288,0.735,0.6311,0.8271,0.7944,0.7921,0.7027,0.5602,0.652,0.518,0.6154,0.6453,0.6995,0.6732,0.7024,0.6778,0.7106,0.1641,0.1641,0.1641,0.1641,0.1641,0.1641,0.1641,0.1641,0.1641,0.1639,0.1639,0.2834,0.2834,0.2834,0.2834,0.2829,0.2642,0.2834,0.2834,0.2834,0.2642,0.2834,0.7307,0.6072,0.5983,0.665,0.6429,0.6383,0.7307,0.7785,0.6366,0.6998,0.7334,0.7912,0.6433,0.7675,0.5937,0.6895,0.7124,0.7884,0.7635,0.9742,0.8215,0.7696,0.7786,0.6475,0.7449,0.5549,0.7187,0.7051,0.7743,0.6815,0.782,0.7819,0.7713,0.7392,0.6154,0.7744,0.6023,0.6236,0.6692,0.6555,0.6979,0.7558,0.7607,0.7109,0.4351,0.2584,0.3427,0.3561,0.4349,0.3199,0.4159,0.4351,0.4351,0.3316,0.3508,0.3851,0.3009,0.2927,0.3851,0.3224,0.3851,0.3851,0.3851,0.3851,0.3009,0.3009
Condition_6_prime_9,0.7661,0.4789,0.7253,0.6736,0.6989,0.7637,0.6853,0.5967,0.7169,0.7661,0.7637,0.7457,0.612,0.6116,0.5536,0.6596,0.6806,0.7425,0.6614,0.7452,0.6474,0.7425,0.1844,0.1844,0.1844,0.1326,0.1844,0.1844,0.1844,0.1844,0.1844,0.1844,0.1844,0.2666,0.2666,0.2666,0.2147,0.2664,0.2555,0.2666,0.2666,0.2666,0.2555,0.2666,0.8834,0.7599,0.7117,0.7574,0.7794,0.791,0.8834,0.8644,0.7259,0.8213,0.8861,0.9439,0.7876,0.8376,0.7219,0.8261,0.8574,0.9411,0.8527,0.8215,0.9742,0.8911,0.7299,0.6292,0.7055,0.52,0.7069,0.6996,0.7299,0.6444,0.678,0.7299,0.7283,0.8842,0.7604,0.8752,0.7316,0.7602,0.807,0.7604,0.8189,0.8417,0.9057,0.8554,0.4023,0.242,0.2662,0.347,0.4023,0.322,0.3912,0.4023,0.4023,0.3151,0.3262,0.3662,0.2901,0.2301,0.3662,0.3207,0.3662,0.3662,0.3662,0.3143,0.2901,0.2901
Condition_6_prime_10,0.7193,0.5031,0.6675,0.6056,0.6284,0.6876,0.6351,0.539,0.6585,0.7193,0.7186,0.6654,0.612,0.5521,0.4855,0.5906,0.6084,0.6654,0.6121,0.6645,0.5956,0.6654,0.1995,0.1995,0.1995,0.1396,0.1995,0.1995,0.1995,0.1995,0.1995,0.1994,0.1994,0.2882,0.2882,0.2882,0.2284,0.2881,0.2771,0.2882,0.2882,0.2882,0.2771,0.2882,0.8376,0.7141,0.704,0.7138,0.7359,0.7534,0.8376,0.8032,0.802,0.8974,0.8403,0.8953,0.8119,0.823,0.6924,0.7825,0.811,0.8953,0.9149,0.7696,0.8911,0.9742,0.6732,0.6502,0.6488,0.4644,0.6502,0.6429,0.6732,0.5884,0.6133,0.6732,0.6732,0.8324,0.7087,0.8294,0.6799,0.7166,0.7582,0.8365,0.7951,0.8174,0.8296,0.8939,0.3561,0.2719,0.212,0.2931,0.3561,0.268,0.345,0.3561,0.3561,0.345,0.3602,0.3122,0.3122,0.1681,0.3122,0.2598,0.3122,0.3122,0.3122,0.2524,0.3122,0.3122
Condition_7,0.851,0.6307,0.8419,0.6793,0.7354,0.7665,0.8145,0.7403,0.8415,0.851,0.8438,0.7133,0.5731,0.6648,0.5309,0.6264,0.6549,0.7115,0.6845,0.713,0.6873,0.7225,0.2605,0.2605,0.2605,0.1926,0.2605,0.2605,0.2605,0.2605,0.2458,0.2522,0.2522,0.3556,0.3556,0.3556,0.2876,0.3556,0.3186,0.3556,0.3556,0.3556,0.3186,0.3556,0.6692,0.5458,0.5244,0.5695,0.593,0.585,0.6692,0.6478,0.5685,0.6267,0.6708,0.7092,0.5719,0.6494,0.5081,0.6222,0.6375,0.7074,0.6468,0.7786,0.7299,0.6732,0.9742,0.7682,0.93,0.7063,0.8504,0.8582,0.9631,0.8705,0.8915,0.966,0.918,0.6672,0.5434,0.6456,0.5231,0.6201,0.6088,0.5651,0.5975,0.6804,0.6828,0.615,0.5159,0.3393,0.3556,0.3948,0.5158,0.3851,0.479,0.5159,0.5159,0.3947,0.4317,0.5559,0.4717,0.3874,0.5559,0.4942,0.5559,0.5559,0.5559,0.4879,0.4473,0.4717
Condition_7_prime_1,0.7272,0.6784,0.692,0.5721,0.6592,0.6674,0.669,0.5701,0.6906,0.7272,0.72,0.6372,0.7247,0.5647,0.4372,0.5584,0.5869,0.6354,0.6003,0.6358,0.5847,0.6464,0.2116,0.2938,0.2116,0.1437,0.2116,0.2116,0.2116,0.2116,0.2035,0.2074,0.2074,0.3077,0.5136,0.3077,0.27,0.3077,0.2833,0.3077,0.3077,0.3077,0.2833,0.3077,0.5702,0.5841,0.4172,0.5089,0.5251,0.494,0.5702,0.5487,0.5384,0.6038,0.5718,0.6101,0.7342,0.5302,0.4145,0.5542,0.5466,0.6083,0.6219,0.6475,0.6292,0.6502,0.7682,0.9742,0.7313,0.5725,0.744,0.6915,0.7682,0.6832,0.6921,0.7641,0.7601,0.5681,0.5817,0.5465,0.4241,0.5522,0.5179,0.5392,0.4822,0.5813,0.5837,0.592,0.3838,0.4233,0.2316,0.2848,0.3837,0.2686,0.3594,0.3838,0.3838,0.3594,0.3838,0.4045,0.4045,0.2482,0.4045,0.3439,0.4045,0.4045,0.4045,0.3366,0.3898,0.4045
Condition_7_prime_2,0.8206,0.5865,0.805,0.6549,0.705,0.7421,0.7775,0.7016,0.8046,0.8206,0.8135,0.689,0.5539,0.6278,0.5065,0.6072,0.6357,0.6871,0.6542,0.6886,0.657,0.6982,0.2869,0.2869,0.2869,0.219,0.2869,0.2869,0.2869,0.2869,0.2678,0.2755,0.2755,0.3756,0.3756,0.3756,0.3076,0.3756,0.3314,0.3756,0.3756,0.3756,0.3314,0.3756,0.6611,0.5377,0.5053,0.5637,0.5872,0.5768,0.6611,0.633,0.5537,0.6156,0.6627,0.69,0.5572,0.6191,0.489,0.6074,0.6183,0.6882,0.6165,0.7449,0.7055,0.6488,0.93,0.7313,0.9742,0.6621,0.8135,0.8284,0.9189,0.8336,0.8871,0.93,0.8738,0.6525,0.5287,0.6264,0.5084,0.6054,0.5977,0.5408,0.5731,0.656,0.6636,0.5906,0.5359,0.3593,0.3756,0.4016,0.5356,0.3999,0.4917,0.5359,0.5359,0.4075,0.4517,0.5897,0.5054,0.4182,0.5897,0.527,0.5897,0.5897,0.5897,0.5217,0.4751,0.5054
Condition_7_prime_3,0.634,0.6055,0.6139,0.7354,0.5401,0.558,0.679,0.5018,0.6147,0.634,0.6271,0.5176,0.3957,0.4544,0.7063,0.4487,0.4673,0.5163,0.5731,0.5185,0.4828,0.5273,0.1379,0.1379,0.1379,0.0699,0.1379,0.1379,0.1379,0.1379,0.1297,0.1337,0.1337,0.2422,0.2422,0.2422,0.1742,0.2422,0.2119,0.2422,0.2422,0.2422,0.2119,0.2422,0.4612,0.4616,0.4087,0.3697,0.4067,0.3851,0.4612,0.4397,0.3523,0.4186,0.4628,0.4999,0.3851,0.4291,0.7028,0.4351,0.4364,0.4986,0.4362,0.5549,0.52,0.4644,0.7063,0.5725,0.6621,0.9742,0.6412,0.6052,0.7063,0.7213,0.6302,0.7022,0.6969,0.4591,0.4591,0.4376,0.315,0.4336,0.4089,0.486,0.3812,0.4724,0.4746,0.4068,0.4188,0.3264,0.3509,0.3095,0.4187,0.333,0.3885,0.4188,0.4188,0.2961,0.3264,0.44,0.4156,0.3679,0.44,0.3789,0.44,0.44,0.44,0.3721,0.3284,0.3476
Condition_7_prime_4,0.8033,0.5552,0.7943,0.6482,0.8591,0.7436,0.7427,0.6496,0.7859,0.8033,0.7961,0.7133,0.5731,0.6476,0.5133,0.7366,0.6549,0.7115,0.6764,0.7129,0.6626,0.7225,0.222,0.222,0.222,0.1621,0.222,0.222,0.222,0.222,0.2109,0.216,0.216,0.3063,0.3063,0.3063,0.2465,0.3063,0.276,0.3063,0.3063,0.3063,0.276,0.3063,0.6463,0.5364,0.4771,0.5466,0.593,0.562,0.6463,0.6248,0.5141,0.6038,0.6479,0.6862,0.5719,0.6092,0.4906,0.7459,0.6145,0.6844,0.6231,0.7187,0.7069,0.6502,0.8504,0.744,0.8135,0.6412,0.9742,0.7948,0.8504,0.765,0.7795,0.8446,0.8312,0.6443,0.534,0.6226,0.5002,0.6201,0.5859,0.5392,0.5583,0.6574,0.6598,0.592,0.4504,0.29,0.3063,0.349,0.4503,0.3396,0.4201,0.4504,0.4504,0.3439,0.3743,0.4795,0.4034,0.3295,0.4795,0.4264,0.4795,0.4795,0.4795,0.4197,0.3842,0.4034
Condition_7_prime_5,0.7811,0.5312,0.7618,0.6349,0.6902,0.7303,0.7148,0.6333,0.7533,0.7811,0.7762,0.683,0.5487,0.6043,0.4924,0.602,0.6305,0.6812,0.6394,0.6827,0.6256,0.6922,0.2377,0.2377,0.2377,0.1779,0.2377,0.2418,0.2377,0.2377,0.2377,0.2261,0.2261,0.2813,0.2813,0.2813,0.2214,0.2813,0.2443,0.2813,0.2813,0.2813,0.2443,0.2813,0.6545,0.5311,0.4697,0.5584,0.5819,0.5702,0.6545,0.6234,0.5033,0.6076,0.6561,0.6848,0.5528,0.5962,0.4756,0.603,0.7299,0.683,0.6099,0.7051,0.6996,0.6429,0.8582,0.6915,0.8284,0.6052,0.7948,0.9742,0.8472,0.7626,0.8133,0.8578,0.8111,0.648,0.5243,0.6212,0.504,0.6009,0.5941,0.5183,0.5509,0.65,0.6584,0.615,0.4253,0.265,0.2812,0.3121,0.4248,0.3543,0.3884,0.4253,0.4253,0.3122,0.3492,0.4591,0.383,0.3039,0.4591,0.4044,0.4591,0.4591,0.4591,0.3993,0.3586,0.383
Condition_7_prime_6,0.851,0.6254,0.8419,0.6793,0.7354,0.7665,0.8145,0.7337,0.8415,0.851,0.8438,0.7133,0.5731,0.6638,0.5309,0.6264,0.6548,0.7174,0.6845,0.7129,0.6873,0.7225,0.2537,0.2537,0.2537,0.1858,0.2537,0.2537,0.2537,0.2537,0.239,0.2477,0.2477,0.3545,0.3545,0.3545,0.2865,0.3545,0.3175,0.3545,0.3545,0.3545,0.3175,0.3545,0.6692,0.5458,0.5244,0.5695,0.593,0.585,0.6692,0.6478,0.5685,0.6267,0.6708,0.7092,0.5719,0.6485,0.5081,0.6222,0.6375,0.7102,0.6461,0.7743,0.7299,0.6732,0.9631,0.7682,0.9189,0.7063,0.8504,0.8472,0.9742,0.8694,0.8803,0.9572,0.918,0.6672,0.5434,0.6456,0.5231,0.6201,0.6088,0.5651,0.5975,0.6804,0.6828,0.615,0.5148,0.3382,0.3545,0.3937,0.5147,0.384,0.4779,0.5148,0.5148,0.3936,0.4306,0.5476,0.4633,0.3813,0.5476,0.4865,0.5476,0.5476,0.5476,0.4796,0.4389,0.4633
Condition_7_prime_7,0.7581,0.6486,0.7487,0.6788,0.6506,0.682,0.8219,0.6506,0.7479,0.7581,0.7511,0.6283,0.4967,0.5702,0.5304,0.5498,0.5779,0.6268,0.6837,0.6274,0.5936,0.6378,0.1769,0.1769,0.1769,0.1378,0.1769,0.1769,0.1769,0.1769,0.1622,0.1709,0.1709,0.2926,0.2926,0.2926,0.2165,0.2926,0.2484,0.2926,0.2926,0.2926,0.2484,0.2926,0.585,0.4616,0.5326,0.4934,0.5169,0.5088,0.585,0.5635,0.476,0.5424,0.5866,0.6241,0.4955,0.5548,0.5076,0.5456,0.5606,0.6227,0.5626,0.6815,0.6444,0.5884,0.8705,0.6832,0.8336,0.7213,0.765,0.7626,0.8694,0.9742,0.8188,0.8647,0.8248,0.5829,0.4591,0.5612,0.4388,0.5439,0.5327,0.4726,0.505,0.5958,0.5984,0.5306,0.4693,0.3769,0.3931,0.3327,0.4692,0.3223,0.4251,0.4693,0.4693,0.3327,0.3769,0.5027,0.4103,0.4207,0.5027,0.4347,0.5027,0.5027,0.5027,0.4266,0.3859,0.4103
Condition_7_prime_8,0.783,0.5561,0.771,0.6216,0.6753,0.7088,0.7318,0.6586,0.8304,0.783,0.7781,0.6615,0.5212,0.6049,0.479,0.5822,0.6107,0.6596,0.6247,0.6611,0.6274,0.6707,0.2108,0.2108,0.2108,0.2108,0.2108,0.2108,0.2108,0.2108,0.2108,0.1956,0.1955,0.3258,0.3258,0.3258,0.3258,0.3258,0.2816,0.3258,0.3258,0.3258,0.2816,0.3258,0.6174,0.494,0.4565,0.5695,0.5488,0.5331,0.6174,0.6478,0.5005,0.5669,0.619,0.6573,0.5201,0.5896,0.4563,0.578,0.5933,0.6555,0.587,0.782,0.678,0.6133,0.8915,0.6921,0.8871,0.6302,0.7795,0.8133,0.8803,0.8188,0.9742,0.8915,0.8441,0.623,0.4992,0.6456,0.4862,0.5759,0.5719,0.5053,0.5456,0.6804,0.6386,0.5631,0.4862,0.3096,0.3938,0.3437,0.4857,0.334,0.442,0.4862,0.4862,0.3577,0.402,0.5325,0.4483,0.4254,0.5325,0.4604,0.5325,0.5325,0.5325,0.5325,0.4179,0.4483
Condition_7_prime_9,0.8468,0.6225,0.8361,0.6765,0.7312,0.7637,0.8086,0.7332,0.8357,0.8468,0.841,0.7133,0.5731,0.6648,0.5309,0.6264,0.6549,0.7115,0.6845,0.713,0.6873,0.7225,0.2546,0.2546,0.2546,0.1866,0.2546,0.2546,0.2546,0.2546,0.2398,0.2543,0.2543,0.3572,0.3571,0.3572,0.2892,0.3572,0.3202,0.3572,0.3572,0.3572,0.3202,0.3572,0.6692,0.5458,0.5244,0.5695,0.593,0.585,0.6692,0.6478,0.5685,0.6267,0.6708,0.7092,0.5719,0.6494,0.5081,0.6222,0.6375,0.7074,0.6468,0.7819,0.7299,0.6732,0.966,0.7641,0.93,0.7022,0.8446,0.8578,0.9572,0.8647,0.8915,0.9742,0.918,0.6672,0.5434,0.6456,0.5231,0.6201,0.6088,0.5651,0.5975,0.6804,0.6828,0.615,0.5175,0.3409,0.3571,0.3963,0.5172,0.3866,0.4805,0.5175,0.5175,0.3963,0.4333,0.5521,0.4678,0.3917,0.5521,0.4894,0.5521,0.5521,0.5521,0.4841,0.4435,0.4678
Condition_7_prime_10,0.8428,0.5932,0.8268,0.6765,0.7272,0.7637,0.7913,0.7008,0.8254,0.8428,0.841,0.7133,0.5731,0.6608,0.5309,0.6264,0.6548,0.7115,0.6845,0.7119,0.6855,0.7225,0.222,0.222,0.222,0.154,0.222,0.222,0.222,0.222,0.2161,0.2219,0.2301,0.3375,0.3375,0.3375,0.2695,0.3375,0.3072,0.3375,0.3375,0.3375,0.3072,0.3375,0.6803,0.5569,0.5488,0.5777,0.6012,0.5961,0.6803,0.6669,0.5876,0.6415,0.6819,0.7092,0.5719,0.6456,0.5081,0.6222,0.6375,0.7074,0.6448,0.7713,0.7283,0.6732,0.918,0.7601,0.8738,0.6969,0.8312,0.8111,0.918,0.8248,0.8441,0.918,0.9742,0.6672,0.5434,0.6456,0.5231,0.6201,0.6088,0.5651,0.5975,0.6804,0.6828,0.615,0.4979,0.3212,0.3457,0.3885,0.4978,0.3714,0.4675,0.4979,0.4979,0.3833,0.4136,0.5104,0.4262,0.3501,0.5104,0.4498,0.5104,0.5104,0.5104,0.4425,0.407,0.4344
Condition_8,0.7579,0.4696,0.7209,0.6723,0.6979,0.7579,0.6717,0.6034,0.7136,0.7579,0.7579,0.7341,0.6239,0.6047,0.549,0.6919,0.7097,0.7341,0.6499,0.734,0.6333,0.7341,0.2264,0.2264,0.2264,0.1822,0.2264,0.2264,0.2264,0.2264,0.2264,0.1665,0.2264,0.2838,0.2838,0.2838,0.2396,0.2838,0.278,0.2838,0.2838,0.2838,0.278,0.2838,0.8794,0.756,0.6985,0.7821,0.8049,0.7949,0.8794,0.8401,0.7183,0.8173,0.8827,0.9086,0.7794,0.7792,0.7004,0.8446,0.8568,0.9086,0.7954,0.7392,0.8842,0.8324,0.6672,0.5681,0.6525,0.4591,0.6443,0.648,0.6672,0.5829,0.623,0.6672,0.6672,0.9742,0.8504,0.9299,0.8184,0.8499,0.8818,0.7738,0.8436,0.8619,0.9498,0.877,0.352,0.1916,0.2235,0.3072,0.352,0.2946,0.3461,0.352,0.352,0.27,0.2758,0.3217,0.2456,0.1932,0.3217,0.2847,0.3217,0.3217,0.3217,0.2775,0.2437,0.2456
Condition_8_prime_1,0.6341,0.5934,0.5971,0.5485,0.5877,0.6341,0.548,0.4796,0.5898,0.6341,0.6341,0.6239,0.6333,0.4945,0.5489,0.591,0.5994,0.6239,0.5396,0.6238,0.5231,0.6239,0.2264,0.2264,0.2264,0.1822,0.2264,0.2264,0.2264,0.2264,0.2264,0.1665,0.2264,0.2838,0.4076,0.2838,0.2396,0.2838,0.2779,0.2838,0.2838,0.2838,0.2779,0.2838,0.7556,0.8798,0.5747,0.6584,0.6947,0.6712,0.7556,0.7163,0.5945,0.6935,0.7589,0.7848,0.793,0.6554,0.7004,0.7344,0.7331,0.7848,0.6716,0.6154,0.7604,0.7087,0.5434,0.5817,0.5287,0.4591,0.534,0.5243,0.5434,0.4591,0.4992,0.5434,0.5434,0.8504,0.9742,0.8061,0.6946,0.7397,0.758,0.7738,0.7198,0.7382,0.8261,0.7533,0.3519,0.3154,0.2235,0.3072,0.3519,0.2946,0.3461,0.3519,0.3519,0.27,0.2758,0.3217,0.2455,0.1932,0.3217,0.2846,0.3217,0.3217,0.3217,0.2775,0.2437,0.2455
Condition_8_prime_2,0.7432,0.4532,0.699,0.6571,0.676,0.7432,0.6561,0.5786,0.7432,0.7432,0.7432,0.7191,0.6089,0.5825,0.5341,0.663,0.6808,0.7191,0.6349,0.7191,0.6183,0.7191,0.1921,0.1921,0.1921,0.1921,0.1921,0.1921,0.1921,0.1921,0.1921,0.1322,0.1921,0.2626,0.2626,0.2626,0.2626,0.2626,0.2545,0.2626,0.2626,0.2626,0.2545,0.2626,0.855,0.7316,0.6802,0.7821,0.7607,0.7705,0.855,0.8591,0.6991,0.7929,0.8583,0.9055,0.7502,0.7689,0.6905,0.8015,0.8287,0.9055,0.7851,0.7744,0.8752,0.8294,0.6456,0.5465,0.6264,0.4376,0.6226,0.6212,0.6456,0.5612,0.6456,0.6456,0.6456,0.9299,0.8061,0.9742,0.782,0.806,0.8448,0.7734,0.8355,0.9061,0.9298,0.8707,0.3308,0.1704,0.2465,0.2756,0.3308,0.2603,0.3226,0.3308,0.3308,0.2465,0.2548,0.2939,0.2177,0.2096,0.2939,0.2496,0.2939,0.2939,0.2939,0.2939,0.2149,0.2177
Condition_8_prime_3,0.6141,0.3259,0.6141,0.5284,0.5911,0.6141,0.5299,0.5024,0.5769,0.6141,0.6141,0.5916,0.4896,0.5916,0.4064,0.5575,0.5754,0.5916,0.5074,0.5915,0.4908,0.5916,0.2114,0.2114,0.2114,0.1744,0.2114,0.2114,0.2114,0.2114,0.2114,0.1516,0.2114,0.2319,0.2319,0.2319,0.195,0.2319,0.2319,0.2319,0.2319,0.2319,0.2319,0.2319,0.7322,0.6086,0.6736,0.66,0.6743,0.6559,0.7322,0.6933,0.5684,0.6696,0.7344,0.756,0.6475,0.756,0.5478,0.7086,0.7124,0.756,0.6798,0.6023,0.7316,0.6799,0.5231,0.4241,0.5084,0.315,0.5002,0.504,0.5231,0.4388,0.4862,0.5231,0.5231,0.8184,0.6946,0.782,0.9742,0.7111,0.753,0.6185,0.8179,0.714,0.7948,0.7239,0.3001,0.1397,0.1789,0.4532,0.3001,0.2797,0.3001,0.3001,0.3001,0.224,0.224,0.2698,0.1937,0.1486,0.2698,0.2697,0.2698,0.2698,0.2698,0.2328,0.1937,0.1937
Condition_8_prime_4,0.7103,0.4519,0.6733,0.6328,0.6733,0.7103,0.6323,0.5651,0.6659,0.7103,0.7103,0.7097,0.6239,0.5885,0.5232,0.6919,0.7097,0.7097,0.6336,0.7095,0.6089,0.7097,0.2183,0.2183,0.2183,0.1741,0.2183,0.2183,0.2183,0.2183,0.2183,0.1584,0.2183,0.2758,0.2758,0.2758,0.2316,0.2758,0.2699,0.2758,0.2758,0.2758,0.2699,0.2758,0.7555,0.6457,0.5906,0.6993,0.745,0.7037,0.7555,0.7161,0.6119,0.7013,0.7589,0.7846,0.7113,0.6634,0.5981,0.7846,0.7654,0.7846,0.6796,0.6236,0.7602,0.7166,0.6201,0.5522,0.6054,0.4336,0.6201,0.6009,0.6201,0.5439,0.5759,0.6201,0.6201,0.8499,0.7397,0.806,0.7111,0.9742,0.7903,0.6723,0.728,0.806,0.8261,0.7614,0.3357,0.1917,0.2154,0.291,0.3357,0.2784,0.3299,0.3357,0.3357,0.2619,0.2678,0.3055,0.2375,0.1852,0.3055,0.2684,0.3055,0.3055,0.3055,0.2613,0.2356,0.2375
Condition_8_prime_5,0.6854,0.4147,0.6551,0.6084,0.6321,0.6854,0.608,0.5398,0.6484,0.6854,0.6854,0.6619,0.5761,0.5473,0.4849,0.644,0.6619,0.6619,0.5857,0.6618,0.5611,0.6619,0.1947,0.1947,0.1947,0.1577,0.1947,0.1947,0.1947,0.1947,0.1947,0.1428,0.1947,0.2406,0.2406,0.2406,0.2036,0.2406,0.2365,0.2406,0.2406,0.2406,0.2365,0.2406,0.8141,0.6907,0.6386,0.7567,0.7722,0.7699,0.8141,0.7722,0.6502,0.7554,0.8174,0.8261,0.7268,0.7116,0.6262,0.7948,0.8114,0.8261,0.7278,0.6692,0.807,0.7582,0.6088,0.5179,0.5977,0.4089,0.5859,0.5941,0.6088,0.5327,0.5719,0.6088,0.6088,0.8818,0.758,0.8448,0.753,0.7903,0.9742,0.6898,0.7664,0.7849,0.8626,0.7979,0.3009,0.1568,0.1878,0.2652,0.3009,0.255,0.2968,0.3009,0.3009,0.2288,0.2329,0.2765,0.2086,0.1634,0.2765,0.2462,0.2765,0.2765,0.2765,0.2396,0.2073,0.2086
Condition_8_prime_6,0.6855,0.5849,0.6336,0.5587,0.5834,0.6298,0.5889,0.509,0.6253,0.6855,0.6855,0.6183,0.5772,0.5213,0.5594,0.5448,0.5532,0.6183,0.5732,0.6179,0.5732,0.6183,0.2878,0.2878,0.2878,0.228,0.2878,0.2878,0.2878,0.2878,0.2878,0.2117,0.2878,0.373,0.373,0.373,0.3132,0.373,0.3619,0.373,0.373,0.373,0.3619,0.373,0.7149,0.7152,0.5919,0.5904,0.6267,0.6306,0.7149,0.682,0.7149,0.7744,0.7182,0.7663,0.6997,0.7004,0.7036,0.6683,0.682,0.7663,0.7845,0.6555,0.7604,0.8365,0.5651,0.5392,0.5408,0.486,0.5392,0.5183,0.5651,0.4726,0.5053,0.5651,0.5651,0.7738,0.7738,0.7734,0.6185,0.6723,0.6898,0.9742,0.7553,0.7721,0.7735,0.8436,0.3649,0.2725,0.2126,0.2978,0.3649,0.2799,0.3538,0.3649,0.3649,0.3538,0.3649,0.3208,0.3208,0.1686,0.3208,0.2687,0.3208,0.3208,0.3208,0.261,0.3167,0.3208
Condition_8_prime_7,0.7105,0.4042,0.7105,0.6107,0.6712,0.687,0.6152,0.5989,0.6584,0.7105,0.7105,0.6629,0.5468,0.6864,0.4858,0.5872,0.6051,0.6629,0.594,0.6627,0.5856,0.6629,0.2704,0.2704,0.2704,0.2185,0.2704,0.2704,0.2704,0.2704,0.2704,0.2024,0.2704,0.3008,0.3008,0.3008,0.249,0.3008,0.2897,0.3008,0.3008,0.3008,0.2897,0.3008,0.7781,0.6546,0.7754,0.6609,0.6835,0.6938,0.778,0.7373,0.652,0.7375,0.7816,0.827,0.6799,0.8875,0.6281,0.7228,0.75,0.827,0.795,0.6979,0.8189,0.7951,0.5975,0.4822,0.5731,0.3812,0.5583,0.5509,0.5975,0.505,0.5456,0.5975,0.5975,0.8436,0.7198,0.8355,0.8179,0.728,0.7664,0.7553,0.9742,0.8197,0.8429,0.8247,0.3769,0.2003,0.2327,0.363,0.3769,0.3466,0.3677,0.3769,0.3769,0.2816,0.2927,0.3328,0.2486,0.1885,0.3328,0.3327,0.3328,0.3328,0.3328,0.2809,0.2457,0.2486
Condition_8_prime_8,0.7938,0.5015,0.742,0.6919,0.719,0.7789,0.7054,0.6175,0.7938,0.7938,0.7938,0.7545,0.6279,0.6251,0.5695,0.6711,0.689,0.7545,0.6852,0.7545,0.6686,0.7545,0.2117,0.2117,0.2117,0.2117,0.2117,0.2117,0.2117,0.2117,0.2117,0.1438,0.2117,0.297,0.297,0.297,0.297,0.297,0.2859,0.297,0.297,0.297,0.2859,0.297,0.795,0.6716,0.64,0.7223,0.7009,0.7107,0.795,0.814,0.6606,0.7545,0.7983,0.8475,0.6912,0.7493,0.6316,0.7437,0.7709,0.8475,0.7653,0.7558,0.8417,0.8174,0.6804,0.5813,0.656,0.4724,0.6574,0.65,0.6804,0.5958,0.6804,0.6804,0.6804,0.8619,0.7382,0.9061,0.714,0.806,0.7849,0.7721,0.8197,0.9742,0.8618,0.84,0.3649,0.2046,0.2807,0.2979,0.3649,0.2799,0.3538,0.3649,0.3649,0.2777,0.2888,0.321,0.2449,0.2367,0.321,0.2688,0.321,0.321,0.321,0.321,0.2407,0.2449
Condition_8_prime_9,0.7737,0.4837,0.7367,0.6874,0.7138,0.7737,0.6866,0.6162,0.7293,0.7737,0.7737,0.7497,0.6394,0.6203,0.5644,0.7074,0.7252,0.7497,0.6654,0.7495,0.6488,0.7497,0.2296,0.2296,0.2296,0.1854,0.2296,0.2296,0.2296,0.2296,0.2296,0.1698,0.2296,0.293,0.293,0.293,0.2488,0.293,0.2848,0.293,0.293,0.293,0.2848,0.293,0.855,0.7316,0.6875,0.7578,0.7805,0.7706,0.855,0.8453,0.6991,0.793,0.8583,0.9057,0.7563,0.7763,0.6905,0.8215,0.8488,0.9057,0.7925,0.7607,0.9057,0.8296,0.6828,0.5837,0.6636,0.4746,0.6598,0.6584,0.6828,0.5984,0.6386,0.6828,0.6828,0.9498,0.8261,0.9298,0.7948,0.8261,0.8626,0.7735,0.8429,0.8618,0.9742,0.8709,0.3611,0.2007,0.2327,0.3131,0.3611,0.2979,0.3529,0.3611,0.3611,0.2768,0.285,0.3309,0.2547,0.2024,0.3309,0.2938,0.3309,0.3309,0.3309,0.2867,0.2519,0.2547
Condition_8_prime_10,0.7207,0.5045,0.6765,0.6322,0.6535,0.7207,0.6364,0.5508,0.6686,0.7207,0.7235,0.6995,0.6549,0.5629,0.5142,0.6225,0.6403,0.6995,0.6152,0.6993,0.5987,0.6995,0.2522,0.2522,0.2522,0.2003,0.2522,0.2522,0.2522,0.2522,0.2522,0.1842,0.2522,0.3006,0.3006,0.3006,0.2487,0.3006,0.2895,0.3006,0.3006,0.3006,0.2895,0.3006,0.8237,0.7001,0.6465,0.703,0.7255,0.7394,0.8237,0.7658,0.7419,0.8419,0.8268,0.8673,0.791,0.7573,0.658,0.7597,0.8074,0.8673,0.8496,0.7109,0.8554,0.8939,0.615,0.592,0.5906,0.4068,0.592,0.615,0.615,0.5306,0.5631,0.615,0.615,0.877,0.7533,0.8707,0.7239,0.7614,0.7979,0.8436,0.8247,0.84,0.8709,0.9742,0.2925,0.2082,0.1564,0.2372,0.2925,0.2442,0.2814,0.2925,0.2925,0.2814,0.2925,0.2556,0.2556,0.1195,0.2556,0.2113,0.2556,0.2556,0.2556,0.2037,0.2556,0.2556
Condition_9,0.4884,0.4157,0.4659,0.3392,0.4042,0.4224,0.4431,0.4749,0.4661,0.4884,0.4881,0.4077,0.3061,0.4415,0.3315,0.3495,0.3559,0.4072,0.3765,0.4083,0.4697,0.4146,0.4325,0.4057,0.4325,0.317,0.4138,0.4138,0.4232,0.4229,0.4325,0.4082,0.404,0.7616,0.6089,0.7384,0.5454,0.7481,0.667,0.7194,0.6918,0.7437,0.6999,0.7385,0.3704,0.3707,0.3346,0.2753,0.3209,0.2942,0.3704,0.3478,0.378,0.331,0.3713,0.391,0.2946,0.418,0.3181,0.336,0.3208,0.3906,0.3247,0.4351,0.4023,0.3561,0.5159,0.3838,0.5359,0.4188,0.4504,0.4253,0.5148,0.4693,0.4862,0.5175,0.4979,0.352,0.3519,0.3308,0.3001,0.3357,0.3009,0.3649,0.3769,0.3649,0.3611,0.2925,0.9742,0.7247,0.7469,0.667,0.8484,0.737,0.8885,0.8769,0.955,0.7884,0.8159,0.7788,0.6426,0.6184,0.6349,0.6454,0.7178,0.7659,0.7561,0.7012,0.6469,0.6475
Condition_9_prime_1,0.3118,0.5765,0.2893,0.2549,0.2438,0.2621,0.3507,0.2817,0.2895,0.3118,0.3115,0.2473,0.3402,0.2649,0.2473,0.2054,0.2118,0.2468,0.2922,0.248,0.293,0.2542,0.324,0.309,0.324,0.2136,0.3104,0.3104,0.316,0.3144,0.324,0.2996,0.2968,0.6561,0.6283,0.6465,0.4352,0.6233,0.5568,0.628,0.6009,0.6517,0.595,0.6465,0.21,0.3341,0.2422,0.1312,0.1768,0.1502,0.21,0.1874,0.2856,0.2467,0.2109,0.2307,0.3422,0.2414,0.2338,0.1919,0.1768,0.2302,0.2405,0.2584,0.242,0.2719,0.3393,0.4233,0.3593,0.3264,0.29,0.265,0.3382,0.3769,0.3096,0.3409,0.3212,0.1916,0.3154,0.1704,0.1397,0.1917,0.1568,0.2725,0.2003,0.2046,0.2007,0.2082,0.7247,0.9742,0.658,0.456,0.6226,0.5112,0.6537,0.6429,0.7144,0.6959,0.7344,0.553,0.5413,0.5339,0.4239,0.4426,0.5068,0.54,0.5303,0.4835,0.5573,0.5578
Condition_9_prime_2,0.3362,0.3396,0.3137,0.2873,0.268,0.2863,0.3751,0.3061,0.3737,0.3362,0.3359,0.2716,0.1781,0.2893,0.2796,0.2292,0.2356,0.2711,0.3167,0.2722,0.3174,0.2784,0.2691,0.2113,0.269,0.2351,0.2558,0.2535,0.2558,0.2595,0.2751,0.2448,0.2885,0.5975,0.4034,0.5623,0.431,0.5351,0.4857,0.5475,0.5041,0.5817,0.5549,0.5626,0.2342,0.2346,0.2666,0.1992,0.2006,0.1663,0.2343,0.2636,0.2176,0.1869,0.2352,0.2549,0.1666,0.2658,0.2662,0.2157,0.2005,0.2545,0.1807,0.3427,0.2662,0.212,0.3556,0.2316,0.3756,0.3509,0.3063,0.2812,0.3545,0.3931,0.3938,0.3571,0.3457,0.2235,0.2235,0.2465,0.1789,0.2154,0.1878,0.2126,0.2327,0.2807,0.2327,0.1564,0.7469,0.658,0.9742,0.4725,0.6441,0.5928,0.6821,0.6566,0.7307,0.6879,0.6515,0.5938,0.4478,0.7222,0.4484,0.4816,0.523,0.5815,0.556,0.6486,0.4953,0.5257
Condition_9_prime_3,0.3974,0.2931,0.4164,0.2721,0.365,0.3479,0.3529,0.4505,0.3568,0.3974,0.3971,0.3487,0.2537,0.4172,0.2762,0.3014,0.3042,0.3483,0.3055,0.3494,0.3986,0.3512,0.2754,0.2673,0.2754,0.1948,0.2754,0.2754,0.2763,0.2709,0.2754,0.2562,0.2543,0.4732,0.419,0.4732,0.3487,0.4732,0.4732,0.4568,0.4425,0.4732,0.4725,0.4732,0.324,0.3241,0.3275,0.2374,0.2817,0.2479,0.324,0.2921,0.3132,0.2763,0.3238,0.3387,0.2463,0.4033,0.268,0.2932,0.2757,0.3382,0.31,0.3561,0.347,0.2931,0.3948,0.2848,0.4016,0.3095,0.349,0.3121,0.3937,0.3327,0.3437,0.3963,0.3885,0.3072,0.3072,0.2756,0.4532,0.291,0.2652,0.2978,0.363,0.2979,0.3131,0.2372,0.667,0.456,0.4725,0.9742,0.647,0.5697,0.6568,0.6246,0.6611,0.556,0.5579,0.5198,0.4066,0.3826,0.4858,0.5102,0.5065,0.5069,0.4971,0.4585,0.4492,0.3979
Condition_9_prime_4,0.4884,0.4157,0.4659,0.3392,0.4041,0.4224,0.443,0.4747,0.466,0.4884,0.4881,0.4076,0.3061,0.4414,0.3315,0.3495,0.3558,0.4072,0.3765,0.4083,0.4695,0.4145,0.3627,0.3627,0.3626,0.2785,0.3627,0.3627,0.3586,0.3627,0.3627,0.3627,0.3586,0.6543,0.5728,0.6364,0.5093,0.6542,0.5818,0.618,0.6112,0.6365,0.6024,0.6364,0.3704,0.3707,0.3346,0.2753,0.3209,0.2942,0.3704,0.3478,0.378,0.331,0.3713,0.391,0.2946,0.418,0.318,0.336,0.3208,0.3906,0.3246,0.4349,0.4023,0.3561,0.5158,0.3837,0.5356,0.4187,0.4503,0.4248,0.5147,0.4692,0.4857,0.5172,0.4978,0.352,0.3519,0.3308,0.3001,0.3357,0.3009,0.3649,0.3769,0.3649,0.3611,0.2925,0.8484,0.6226,0.6441,0.647,0.9742,0.6743,0.7714,0.7934,0.8293,0.6813,0.7185,0.6942,0.5828,0.5395,0.633,0.6062,0.6826,0.6831,0.6756,0.6224,0.5741,0.5754
Condition_9_prime_5,0.3885,0.2767,0.407,0.2838,0.3561,0.3397,0.3199,0.423,0.3474,0.3885,0.3882,0.325,0.2334,0.3826,0.2676,0.2823,0.2864,0.3245,0.2766,0.3257,0.3697,0.3289,0.4287,0.3976,0.4286,0.3348,0.4235,0.4235,0.4176,0.4191,0.4346,0.4043,0.3984,0.5735,0.4263,0.5364,0.3628,0.5435,0.4843,0.5174,0.4818,0.5555,0.5297,0.5365,0.3112,0.3114,0.3035,0.2272,0.2727,0.2351,0.3112,0.2711,0.2933,0.2591,0.3124,0.3183,0.2293,0.3729,0.2587,0.277,0.2798,0.3179,0.2796,0.3199,0.322,0.268,0.3851,0.2686,0.3999,0.333,0.3396,0.3543,0.384,0.3223,0.334,0.3866,0.3714,0.2946,0.2946,0.2603,0.2797,0.2784,0.255,0.2799,0.3466,0.2799,0.2979,0.2442,0.737,0.5112,0.5928,0.5697,0.6743,0.9742,0.6598,0.648,0.7179,0.6396,0.605,0.5589,0.4296,0.4199,0.4768,0.5493,0.5295,0.546,0.5283,0.4894,0.4285,0.4371
Condition_9_prime_6,0.464,0.3854,0.4356,0.3244,0.3798,0.4032,0.4127,0.486,0.4358,0.464,0.4638,0.3929,0.2979,0.4172,0.3204,0.3384,0.3411,0.3924,0.3573,0.3936,0.4505,0.3954,0.3765,0.3417,0.3765,0.261,0.3578,0.3578,0.3713,0.3669,0.3765,0.3522,0.3522,0.6922,0.5635,0.6825,0.4923,0.663,0.6725,0.6739,0.6307,0.6877,0.6909,0.6826,0.3685,0.3688,0.3287,0.2745,0.319,0.2923,0.3685,0.3419,0.3739,0.3281,0.3685,0.3829,0.2905,0.4033,0.3122,0.3301,0.3127,0.3824,0.31,0.4159,0.3912,0.345,0.479,0.3594,0.4917,0.3885,0.4201,0.3884,0.4779,0.4251,0.442,0.4805,0.4675,0.3461,0.3461,0.3226,0.3001,0.3299,0.2968,0.3538,0.3677,0.3538,0.3529,0.2814,0.8885,0.6537,0.6821,0.6568,0.7714,0.6598,0.9742,0.8158,0.88,0.7878,0.7698,0.7344,0.5827,0.5729,0.5907,0.6009,0.6579,0.7217,0.6962,0.6567,0.5948,0.6033
Condition_9_prime_7,0.4884,0.4157,0.4659,0.3392,0.4042,0.4224,0.4431,0.4749,0.4661,0.4884,0.4881,0.4077,0.3061,0.4415,0.3315,0.3495,0.3559,0.4072,0.3765,0.4083,0.4697,0.4146,0.4087,0.3951,0.4087,0.3027,0.3951,0.3951,0.4075,0.4087,0.4087,0.3976,0.3963,0.6656,0.6086,0.6656,0.5451,0.6521,0.5922,0.6648,0.6656,0.6656,0.6053,0.6656,0.3704,0.3707,0.3346,0.2753,0.3209,0.2942,0.3704,0.3478,0.378,0.331,0.3713,0.391,0.2946,0.418,0.3181,0.336,0.3208,0.3906,0.3247,0.4351,0.4023,0.3561,0.5159,0.3838,0.5359,0.4188,0.4504,0.4253,0.5148,0.4693,0.4862,0.5175,0.4979,0.352,0.3519,0.3308,0.3001,0.3357,0.3009,0.3649,0.3769,0.3649,0.3611,0.2925,0.8769,0.6429,0.6566,0.6246,0.7934,0.648,0.8158,0.9742,0.874,0.7014,0.7666,0.7639,0.6277,0.5787,0.6653,0.6305,0.7029,0.751,0.744,0.6863,0.6337,0.6326
Condition_9_prime_8,0.4884,0.4157,0.4659,0.3392,0.4042,0.4224,0.4431,0.4749,0.4661,0.4884,0.4881,0.4077,0.3061,0.4415,0.3315,0.3495,0.3559,0.4072,0.3765,0.4083,0.4697,0.4146,0.4325,0.4057,0.4325,0.317,0.4138,0.4138,0.4232,0.4229,0.4325,0.4082,0.404,0.7425,0.607,0.7326,0.5426,0.7289,0.6611,0.7166,0.689,0.7378,0.6807,0.7326,0.3704,0.3707,0.3346,0.2753,0.3209,0.2942,0.3704,0.3478,0.378,0.331,0.3713,0.391,0.2946,0.418,0.3181,0.336,0.3208,0.3906,0.3247,0.4351,0.4023,0.3561,0.5159,0.3838,0.5359,0.4188,0.4504,0.4253,0.5148,0.4693,0.4862,0.5175,0.4979,0.352,0.3519,0.3308,0.3001,0.3357,0.3009,0.3649,0.3769,0.3649,0.3611,0.2925,0.955,0.7144,0.7307,0.6611,0.8293,0.7179,0.88,0.874,0.9742,0.7722,0.8118,0.7783,0.6424,0.6155,0.6348,0.6446,0.7176,0.7658,0.756,0.7004,0.6461,0.6474
Condition_9_prime_9,0.3798,0.3854,0.3513,0.2402,0.3037,0.3271,0.3203,0.3825,0.3516,0.3798,0.3795,0.3168,0.2979,0.3329,0.2362,0.2704,0.2732,0.3163,0.2731,0.3175,0.3662,0.3193,0.4015,0.3502,0.4012,0.2694,0.3743,0.3743,0.3963,0.3919,0.4074,0.3771,0.3771,0.7497,0.5605,0.7156,0.488,0.6733,0.6864,0.7025,0.6594,0.735,0.7899,0.7159,0.2924,0.2927,0.2363,0.2065,0.2511,0.2244,0.2924,0.2658,0.3739,0.3281,0.2924,0.3067,0.2905,0.319,0.2279,0.2622,0.2447,0.3063,0.31,0.3316,0.3151,0.345,0.3947,0.3594,0.4075,0.2961,0.3439,0.3122,0.3936,0.3327,0.3577,0.3963,0.3833,0.27,0.27,0.2465,0.224,0.2619,0.2288,0.3538,0.2816,0.2777,0.2768,0.2814,0.7884,0.6959,0.6879,0.556,0.6813,0.6396,0.7878,0.7014,0.7722,0.9742,0.806,0.6316,0.5905,0.5044,0.4897,0.507,0.5568,0.6194,0.594,0.5776,0.6356,0.6372
Condition_9_prime_10,0.4042,0.4157,0.3817,0.2549,0.328,0.3463,0.3507,0.3825,0.3819,0.4042,0.4039,0.3316,0.3061,0.3573,0.2473,0.2815,0.2879,0.3311,0.2922,0.3322,0.3854,0.3384,0.4577,0.4116,0.4577,0.3389,0.4357,0.4357,0.4558,0.4533,0.4577,0.4385,0.4366,0.7711,0.6089,0.7711,0.5454,0.7009,0.6566,0.7629,0.7328,0.7711,0.7024,0.7711,0.2942,0.2946,0.2422,0.2073,0.253,0.2263,0.2943,0.2717,0.378,0.331,0.2952,0.3149,0.2946,0.3338,0.2338,0.268,0.2529,0.3145,0.3247,0.3508,0.3262,0.3602,0.4317,0.3838,0.4517,0.3264,0.3743,0.3492,0.4306,0.3769,0.402,0.4333,0.4136,0.2758,0.2758,0.2548,0.224,0.2678,0.2329,0.3649,0.2927,0.2888,0.285,0.2925,0.8159,0.7344,0.6515,0.5579,0.7185,0.605,0.7698,0.7666,0.8118,0.806,0.9742,0.7005,0.6507,0.551,0.5341,0.5765,0.617,0.6876,0.6622,0.631,0.6968,0.7054
Condition_10,0.464,0.3937,0.4417,0.3162,0.3797,0.3993,0.4224,0.4588,0.4424,0.464,0.4577,0.3712,0.2693,0.3905,0.2949,0.3195,0.3261,0.3705,0.3328,0.3722,0.4263,0.3779,0.4959,0.4663,0.4959,0.39,0.4824,0.4824,0.4957,0.4959,0.4517,0.4597,0.4596,0.5997,0.5013,0.5997,0.4323,0.5542,0.51,0.5995,0.584,0.5997,0.5316,0.5997,0.3334,0.3338,0.2749,0.2449,0.2906,0.2573,0.3334,0.3037,0.3262,0.287,0.3344,0.3546,0.2578,0.3669,0.2814,0.306,0.291,0.3539,0.2741,0.3851,0.3662,0.3122,0.5559,0.4045,0.5897,0.44,0.4795,0.4591,0.5476,0.5027,0.5325,0.5521,0.5104,0.3217,0.3217,0.2939,0.2698,0.3055,0.2765,0.3208,0.3328,0.321,0.3309,0.2556,0.7788,0.553,0.5938,0.5198,0.6942,0.5589,0.7344,0.7639,0.7783,0.6316,0.7005,0.9742,0.7817,0.7269,0.7143,0.8313,0.8476,0.9346,0.8812,0.8818,0.804,0.7823
Condition_10_prime_1,0.3797,0.3937,0.3574,0.2918,0.3036,0.3232,0.33,0.3664,0.3582,0.3797,0.3735,0.2951,0.2693,0.3063,0.2704,0.2515,0.2581,0.2944,0.2486,0.2961,0.342,0.3018,0.4364,0.561,0.4364,0.344,0.4364,0.4364,0.4364,0.4364,0.3995,0.4079,0.4079,0.5499,0.4899,0.5499,0.4199,0.5418,0.4819,0.5499,0.5499,0.5499,0.4901,0.5499,0.2573,0.2576,0.1825,0.177,0.2226,0.1893,0.2573,0.2276,0.3262,0.287,0.2582,0.2784,0.2578,0.2827,0.257,0.238,0.2231,0.2778,0.2741,0.3009,0.2901,0.3122,0.4717,0.4045,0.5054,0.4156,0.4034,0.383,0.4633,0.4103,0.4483,0.4678,0.4262,0.2456,0.2455,0.2177,0.1937,0.2375,0.2086,0.3208,0.2486,0.2449,0.2547,0.2556,0.6426,0.5413,0.4478,0.4066,0.5828,0.4296,0.5827,0.6277,0.6424,0.5905,0.6507,0.7817,0.9742,0.5544,0.6135,0.6661,0.7468,0.7798,0.7493,0.6893,0.7297,0.745
Condition_10_prime_2,0.3076,0.3094,0.2836,0.2615,0.2395,0.2603,0.3485,0.2819,0.3442,0.3076,0.3027,0.2351,0.1413,0.2383,0.243,0.1992,0.2058,0.2344,0.273,0.2361,0.274,0.2418,0.3573,0.2502,0.3573,0.2952,0.3338,0.3338,0.3488,0.3276,0.2975,0.3425,0.2806,0.4471,0.3272,0.447,0.3531,0.407,0.3628,0.4463,0.4181,0.447,0.3947,0.4471,0.1973,0.1976,0.207,0.1688,0.1703,0.1293,0.1973,0.2194,0.1658,0.1429,0.1982,0.2184,0.1298,0.2147,0.2295,0.1857,0.1707,0.2178,0.13,0.2927,0.2301,0.1681,0.3874,0.2482,0.4182,0.3679,0.3295,0.3039,0.3813,0.4207,0.4254,0.3917,0.3501,0.1932,0.1932,0.2096,0.1486,0.1852,0.1634,0.1686,0.1885,0.2367,0.2024,0.1195,0.6184,0.5339,0.7222,0.3826,0.5395,0.4199,0.5729,0.5787,0.6155,0.5044,0.551,0.7269,0.5544,0.9742,0.5131,0.6244,0.6285,0.6938,0.6457,0.8122,0.7012,0.5725
Condition_10_prime_3,0.464,0.3937,0.4417,0.3162,0.3797,0.3993,0.4224,0.4588,0.4424,0.464,0.4577,0.3712,0.2693,0.3905,0.2949,0.3195,0.3261,0.3705,0.3328,0.3722,0.4263,0.3779,0.3421,0.3421,0.3421,0.266,0.3421,0.3421,0.3421,0.3421,0.3178,0.3255,0.3255,0.4417,0.4417,0.4417,0.3656,0.4417,0.3975,0.4417,0.4417,0.4417,0.3975,0.4417,0.3334,0.3338,0.2749,0.2449,0.2906,0.2573,0.3334,0.3037,0.3262,0.287,0.3344,0.3546,0.2578,0.3669,0.2814,0.306,0.291,0.3539,0.2741,0.3851,0.3662,0.3122,0.5559,0.4045,0.5897,0.44,0.4795,0.4591,0.5476,0.5027,0.5325,0.5521,0.5104,0.3217,0.3217,0.2939,0.2698,0.3055,0.2765,0.3208,0.3328,0.321,0.3309,0.2556,0.6349,0.4239,0.4484,0.4858,0.633,0.4768,0.5907,0.6653,0.6348,0.4897,0.5341,0.7143,0.6135,0.5131,0.9742,0.6382,0.7143,0.7143,0.7143,0.6382,0.5765,0.6135
Condition_10_prime_4,0.4116,0.3245,0.4409,0.2715,0.3792,0.3548,0.3617,0.4588,0.3813,0.4116,0.4056,0.3262,0.2248,0.3893,0.2502,0.282,0.2883,0.3258,0.2801,0.3268,0.3732,0.3332,0.4805,0.4644,0.4805,0.3963,0.4805,0.4805,0.4802,0.4805,0.4363,0.442,0.4417,0.4841,0.3991,0.4841,0.3384,0.4522,0.408,0.4839,0.4684,0.4841,0.416,0.4841,0.2892,0.2895,0.2749,0.208,0.2536,0.2131,0.2892,0.2518,0.2663,0.235,0.2902,0.3096,0.2133,0.3657,0.2367,0.2685,0.2533,0.3092,0.2741,0.3224,0.3207,0.2598,0.4942,0.3439,0.527,0.3789,0.4264,0.4044,0.4865,0.4347,0.4604,0.4894,0.4498,0.2847,0.2846,0.2496,0.2697,0.2684,0.2462,0.2687,0.3327,0.2688,0.2938,0.2113,0.6454,0.4426,0.4816,0.5102,0.6062,0.5493,0.6009,0.6305,0.6446,0.507,0.5765,0.8313,0.6661,0.6244,0.6382,0.9742,0.7567,0.796,0.7463,0.7662,0.6895,0.6569
Condition_10_prime_5,0.464,0.3937,0.4417,0.3162,0.3797,0.3993,0.4224,0.4588,0.4424,0.464,0.4577,0.3712,0.2693,0.3905,0.2949,0.3195,0.3261,0.3705,0.3328,0.3722,0.4263,0.3779,0.4278,0.4278,0.4278,0.3436,0.4278,0.4278,0.4278,0.4279,0.3909,0.3993,0.3993,0.5246,0.4719,0.5246,0.4108,0.5246,0.4647,0.5245,0.5246,0.5246,0.4647,0.5246,0.3334,0.3338,0.2749,0.2449,0.2906,0.2573,0.3334,0.3037,0.3262,0.287,0.3344,0.3546,0.2578,0.3669,0.2814,0.306,0.291,0.3539,0.2741,0.3851,0.3662,0.3122,0.5559,0.4045,0.5897,0.44,0.4795,0.4591,0.5476,0.5027,0.5325,0.5521,0.5104,0.3217,0.3217,0.2939,0.2698,0.3055,0.2765,0.3208,0.3328,0.321,0.3309,0.2556,0.7178,0.5068,0.523,0.5065,0.6826,0.5295,0.6579,0.7029,0.7176,0.5568,0.617,0.8476,0.7468,0.6285,0.7143,0.7567,0.9742,0.8468,0.8173,0.7634,0.6949,0.7122
Condition_10_prime_6,0.464,0.3937,0.4417,0.3162,0.3797,0.3993,0.4224,0.4588,0.4424,0.464,0.4577,0.3712,0.2693,0.3905,0.2949,0.3195,0.3261,0.3705,0.3328,0.3722,0.4263,0.3779,0.4725,0.4429,0.4725,0.3666,0.459,0.459,0.4725,0.4733,0.4283,0.444,0.444,0.5868,0.4887,0.5868,0.4194,0.5413,0.4971,0.5867,0.5711,0.5868,0.5188,0.5868,0.3334,0.3338,0.2749,0.2449,0.2906,0.2573,0.3334,0.3037,0.3262,0.287,0.3344,0.3546,0.2578,0.3669,0.2814,0.306,0.291,0.3539,0.2741,0.3851,0.3662,0.3122,0.5559,0.4045,0.5897,0.44,0.4795,0.4591,0.5476,0.5027,0.5325,0.5521,0.5104,0.3217,0.3217,0.2939,0.2698,0.3055,0.2765,0.3208,0.3328,0.321,0.3309,0.2556,0.7659,0.54,0.5815,0.5069,0.6831,0.546,0.7217,0.751,0.7658,0.6194,0.6876,0.9346,0.7798,0.6938,0.7143,0.796,0.8468,0.9742,0.8812,0.8422,0.7645,0.782
Condition_10_prime_7,0.464,0.3937,0.4417,0.3162,0.3797,0.3993,0.4224,0.4588,0.4424,0.464,0.4577,0.3712,0.2693,0.3905,0.2949,0.3195,0.3261,0.3705,0.3328,0.3722,0.4263,0.3779,0.4378,0.4161,0.4378,0.3318,0.4242,0.4242,0.4378,0.4378,0.4008,0.4167,0.4167,0.5613,0.4789,0.5613,0.4096,0.5315,0.4717,0.5613,0.5613,0.5613,0.4934,0.5613,0.3334,0.3338,0.2749,0.245,0.2906,0.2573,0.3334,0.3037,0.3262,0.287,0.3344,0.3546,0.2578,0.3669,0.2814,0.306,0.291,0.3539,0.2741,0.3851,0.3662,0.3122,0.5559,0.4045,0.5897,0.44,0.4795,0.4591,0.5476,0.5027,0.5325,0.5521,0.5104,0.3217,0.3217,0.2939,0.2698,0.3055,0.2765,0.3208,0.3328,0.321,0.3309,0.2556,0.7561,0.5303,0.556,0.4971,0.6756,0.5283,0.6962,0.744,0.756,0.594,0.6622,0.8812,0.7493,0.6457,0.7143,0.7463,0.8173,0.8812,0.9742,0.7888,0.7191,0.7643
Condition_10_prime_8,0.4041,0.3176,0.3818,0.2643,0.3279,0.3474,0.3544,0.3909,0.4424,0.4041,0.3979,0.3193,0.2174,0.3307,0.243,0.2753,0.2819,0.3187,0.273,0.3204,0.3664,0.326,0.4536,0.3802,0.4536,0.4238,0.44,0.44,0.4533,0.4536,0.4017,0.4085,0.3933,0.5302,0.4235,0.5302,0.447,0.4765,0.4323,0.53,0.5145,0.5302,0.4782,0.5302,0.2815,0.2819,0.207,0.2449,0.2464,0.2054,0.2816,0.3037,0.2582,0.2271,0.2825,0.3027,0.2059,0.3071,0.2295,0.2618,0.2468,0.3021,0.2143,0.3851,0.3143,0.2524,0.4879,0.3366,0.5217,0.3721,0.4197,0.3993,0.4796,0.4266,0.5325,0.4841,0.4425,0.2775,0.2775,0.2939,0.2328,0.2613,0.2396,0.261,0.2809,0.321,0.2867,0.2037,0.7012,0.4835,0.6486,0.4585,0.6224,0.4894,0.6567,0.6863,0.7004,0.5776,0.631,0.8818,0.6893,0.8122,0.6382,0.7662,0.7634,0.8422,0.7888,0.9742,0.7957,0.7062
Condition_10_prime_9,0.365,0.3694,0.3383,0.2238,0.2889,0.312,0.33,0.3421,0.339,0.365,0.3587,0.2951,0.2693,0.3063,0.2106,0.2515,0.2581,0.2944,0.2486,0.2961,0.342,0.3018,0.5235,0.4283,0.5235,0.3715,0.5016,0.5016,0.5235,0.502,0.4637,0.4682,0.431,0.5865,0.4884,0.5865,0.4123,0.5325,0.4803,0.5862,0.5789,0.5865,0.5265,0.5865,0.257,0.2571,0.1813,0.1769,0.2223,0.189,0.257,0.2268,0.3254,0.287,0.2578,0.2784,0.2578,0.2827,0.1972,0.238,0.2231,0.2778,0.2741,0.3009,0.2901,0.3122,0.4473,0.3898,0.4751,0.3284,0.3842,0.3586,0.4389,0.3859,0.4179,0.4435,0.407,0.2437,0.2437,0.2149,0.1937,0.2356,0.2073,0.3167,0.2457,0.2407,0.2519,0.2556,0.6469,0.5573,0.4953,0.4492,0.5741,0.4285,0.5948,0.6337,0.6461,0.6356,0.6968,0.804,0.7297,0.7012,0.5765,0.6895,0.6949,0.7645,0.7191,0.7957,0.9742,0.7566
Condition_10_prime_10,0.3797,0.3937,0.3574,0.2319,0.3036,0.3232,0.33,0.3664,0.3582,0.3797,0.3735,0.2951,0.2693,0.3063,0.2106,0.2515,0.2581,0.2944,0.2486,0.2961,0.342,0.3018,0.4488,0.4107,0.4488,0.3344,0.4268,0.4268,0.4487,0.4488,0.4184,0.4268,0.5398,0.5951,0.4805,0.5951,0.4112,0.5331,0.4889,0.5951,0.5795,0.5951,0.5272,0.5951,0.2573,0.2576,0.1825,0.177,0.2226,0.1893,0.2573,0.2276,0.3262,0.287,0.2582,0.2784,0.2578,0.2827,0.1972,0.238,0.2231,0.2778,0.2741,0.3009,0.2901,0.3122,0.4717,0.4045,0.5054,0.3476,0.4034,0.383,0.4633,0.4103,0.4483,0.4678,0.4344,0.2456,0.2455,0.2177,0.1937,0.2375,0.2086,0.3208,0.2486,0.2449,0.2547,0.2556,0.6475,0.5578,0.5257,0.3979,0.5754,0.4371,0.6033,0.6326,0.6474,0.6372,0.7054,0.7823,0.745,0.5725,0.6135,0.6569,0.7122,0.782,0.7643,0.7062,0.7566,0.9742
